	Performance	
Rk	Player	Nation	Pos	Squad	Age	Born	90s	CrdY	CrdR	2CrdY	Fls	Fld	Off	Crs	Int	TklW	PKwon	PKcon	OG	Matches
1	Myenty Abena	sr SUR	DF	Gaziantep FK	31-151	1994	20.4	2	1	0	22	17	1	1	14	21			1	Matches
2	Tammy Abraham	eng ENG	FW	Beşiktaş	28-222	1997	13.9	3	0	0	25	12	9	4	6	2			0	Matches
3	Yaw Ackah	gh GHA	MF	Kayserispor	26-345	1999	2.0	0	0	0	2	2	0	0	1	0			0	Matches
4	Emmanuel Agbadou	ci CIV	DF	Beşiktaş	28-329	1997	11.1	3	0	0	16	5	1	3	13	15			0	Matches
5	Dan Agyei	gh GHA	MF,FW	Kocaelispor	28-345	1997	22.8	0	0	0	27	26	7	65	4	3			0	Matches
6	Youssef Aït Bennasser	ma MAR	MF,DF	Kayserispor	29-309	1996	16.3	7	0	0	23	4	2	7	17	14			1	Matches
7	Samet Akaydın	tr TUR	DF	Rizespor	32-060	1994	28.5	11	1	1	47	24	3	1	61	25			0	Matches
8	Emre Akbaba	tr TUR	MF,FW	Eyüpspor	33-220	1992	11.0	3	0	0	14	22	6	34	10	22			0	Matches
9	Halil Akbunar	tr TUR	MF,FW	Eyüpspor	32-184	1993	5.6	1	0	0	8	5	7	9	2	9			0	Matches
10	Yusuf Akçiçek	tr TUR	DF	Fenerbahçe	20-107	2006	1.0	0	0	0	2	1	0	0	1	0			0	Matches
11	Ümit Akdag	ro ROU	DF	Alanyaspor	22-218	2003	29.1	8	0	0	41	25	1	30	34	24			0	Matches
12	Tuğbey Akgün	tr TUR	MF	Fatih Karagümrük	23-033	2003	0.1	0	0	0	1	0	0	0	0	0			0	Matches
13	Yunus Akgün	tr TUR	MF	Galatasaray	25-309	2000	20.1	1	0	0	16	20	3	41	10	13			0	Matches
14	Gökhan Akkan	tr TUR	GK	Gençlerbirliği	31-131	1995	4.0	1	0	0	0	3	0	0	0	0			0	Matches
15	Muhammet Akmelek		FW	Gaziantep FK	16-340	2009	0.1	1	0	0	2	0	0	0	0	0			0	Matches
16	Fatih Aksoy	tr TUR	DF,MF	Alanyaspor	28-187	1997	9.3	3	0	0	9	11	0	5	14	8			0	Matches
17	Kerem Aktürkoğlu	tr TUR	MF,FW	Fenerbahçe	27-203	1998	20.7	3	0	0	15	36	6	123	9	14			0	Matches
18	Kaan Akyazi		FW	Konyaspor	20-258	2005	0.3	0	0	0	1	1	0	1	0	2			0	Matches
19	Ufuk Akyol	de GER	MF	Konyaspor	28-258	1997	0.0	0	0	0	0	0	0	0	0	0			0	Matches
20	Enes Albak	tr TUR	DF	Samsunspor	20-361	2005	0.1	0	0	0	2	0	0	0	0	0			0	Matches
21	Danijel Aleksić	rs SRB	MF	Konyaspor	35-012	1991	2.2	0	0	0	1	1	0	1	1	2			0	Matches
22	Ömer Ali Şahiner	tr TUR	DF	Başakşehir	34-130	1992	19.5	5	0	0	24	8	2	34	12	13			0	Matches
23	Xusniddin Aliqulov	uz UZB	DF	Rizespor	27-038	1999	4.7	4	0	0	9	1	0	3	13	2			0	Matches
24	Fidan Aliti	xk KVX	DF	Alanyaspor	32-221	1993	28.7	10	0	0	37	43	0	12	39	23			0	Matches
25	Jim Allevinah	ga GAB	MF	Kasımpaşa	31-074	1995	2.8	2	0	0	5	9	0	7	3	6			0	Matches
Rk	Player	Nation	Pos	Squad	Age	Born	90s	CrdY	CrdR	2CrdY	Fls	Fld	Off	Crs	Int	TklW	PKwon	PKcon	OG	Matches
26	Barış Alper Yılmaz	tr TUR	MF,FW	Galatasaray	25-354	2000	25.6	7	0	0	48	50	4	131	3	13			0	Matches
27	Taha Altıkardeş	tr TUR	DF	Göztepe	22-263	2003	14.4	0	0	0	18	3	0	14	26	11			0	Matches
28	Metehan Altunbaş	tr TUR	MF,FW	Eyüpspor	23-125	2003	10.4	4	0	0	30	21	7	2	9	18			0	Matches
29	Edson Álvarez	mx MEX	MF	Fenerbahçe	28-200	1997	8.5	4	0	0	22	14	1	2	16	18			0	Matches
30	Michael Amir Murillo	pa PAN	DF	Beşiktaş	30-090	1996	9.6	4	0	0	13	14	2	29	4	8			0	Matches
31	Sofyan Amrabat	ma MAR	MF	Fenerbahçe	29-264	1996	1.1	0	0	0	2	4	0	2	2	0			0	Matches
32	Charles André Raux	fr FRA	MF	Eyüpspor	24-178	2001	5.6	3	0	0	12	32	0	6	3	7			0	Matches
33	Yhoan Andzouana	cg CGO	DF,MF	Konyaspor	29-150	1996	28.1	3	0	0	26	17	2	89	20	21			0	Matches
34	Seyfettin Anıl Yaşar	tr TUR	DF	Eyüpspor	23-315	2002	3.9	1	1	0	4	3	1	0	7	6			0	Matches
35	Taylan Antalyalı	tr TUR	MF	Rizespor	31-124	1995	13.5	4	0	0	19	16	1	8	19	17			0	Matches
36	Alexis Antunes	ch SUI	MF	Göztepe	25-285	2000	6.8	2	0	0	19	16	6	28	7	11			0	Matches
37	Aaron Appindangoyé	ga GAB	DF	Kocaelispor	34-081	1992	3.5	0	0	0	5	1	1	0	5	1			0	Matches
38	Adam Arous	tn TUN	DF	Kasımpaşa	21-299	2004	17.6	2	0	0	12	12	0	4	23	18			0	Matches
39	Marco Asensio	es ESP	MF	Fenerbahçe	30-111	1996	20.8	2	0	0	13	7	0	125	11	8			0	Matches
40	Kristjan Asllani	al ALB	MF	Beşiktaş	24-064	2002	9.0	0	1	0	9	5	0	17	9	4			0	Matches
41	Yaser Asprilla	co COL	MF	Galatasaray	22-174	2003	1.8	0	0	0	2	2	0	6	2	0			0	Matches
42	Kouadou Assoumou	fr FRA	MF,FW	Samsunspor	23-207	2002	4.1	0	0	0	6	10	1	8	4	3			0	Matches
43	Felipe Augusto	br BRA	MF,FW	Trabzonspor	22-083	2004	23.6	1	0	0	34	26	5	17	11	17			0	Matches
44	Loide Augusto	ao ANG	MF,FW	Rizespor	26-075	2000	12.5	5	0	0	19	16	1	41	1	5			0	Matches
45	Furkan Ayaz			Gençlerbirliği	16-223	2009	0.2	0	0	0	0	1	0	0	0	0			0	Matches
46	Eyüp Aydın	tr TUR	MF	Samsunspor	21-283	2004	3.6	1	0	0	8	10	0	3	4	6			0	Matches
47	Eyüp Aydın	tr TUR	MF	Kasımpaşa	21-283	2004	0.8	0	0	0	2	2	0	3	1	4			0	Matches
48	Oğuz Aydın	tr TUR	MF,DF	Fenerbahçe	25-197	2000	6.2	2	0	0	8	7	2	39	2	8			0	Matches
49	Taylan Aydın	tr TUR	DF	Kasımpaşa	20-091	2006	0.1	0	0	0	0	0	0	0	0	0			0	Matches
50	Soner Aydoğdu	tr TUR	MF	Samsunspor	35-127	1991	1.2	0	0	0	2	0	0	7	0	2			0	Matches
Rk	Player	Nation	Pos	Squad	Age	Born	90s	CrdY	CrdR	2CrdY	Fls	Fld	Off	Crs	Int	TklW	PKwon	PKcon	OG	Matches
51	Kaan Ayhan	tr TUR	DF	Galatasaray	31-183	1994	3.4	1	0	0	4	4	0	5	4	7			0	Matches
52	Ousseynou Ba	sn SEN	DF	Başakşehir	30-182	1995	11.2	7	1	1	21	10	2	0	19	5			0	Matches
53	Mame Baba Thiam	sn SEN	FW,MF	Eyüpspor	33-215	1992	13.1	4	0	0	27	10	14	10	6	9			0	Matches
54	Shavy Babicka	ga GAB	MF,FW	Fatih Karagümrük	25-345	2000	9.2	0	0	0	14	21	4	7	5	7			0	Matches
55	Juninho Bacuna	cw CUW	MF	Gaziantep FK	28-278	1997	2.4	1	0	0	4	4	0	9	4	5			0	Matches
56	Bünyamin Balcı	tr TUR	DF	Antalyaspor	25-346	2000	25.1	4	0	0	19	31	3	53	27	36			0	Matches
57	Jure Balkovec	si SVN	DF	Fatih Karagümrük	31-245	1994	16.8	7	1	1	16	20	0	30	14	12			0	Matches
58	Samuel Ballet	ch SUI	MF,FW	Antalyaspor	25-061	2001	18.1	9	0	0	66	58	8	30	15	36			0	Matches
59	Botond Balogh	hu HUN	DF	Kocaelispor	23-340	2002	18.4	6	0	0	17	19	1	1	23	21			0	Matches
60	Metehan Baltacı	tr TUR	DF	Galatasaray	23-190	2002	0.3	0	0	0	0	0	0	0	1	1			0	Matches
61	Rayyan Baniya		DF	Trabzonspor	27-083	1999	2.4	0	0	0	2	0	0	0	2	1			0	Matches
62	Rayyan Baniya		DF	Konyaspor	27-083	1999	0.4	0	0	0	1	0	0	0	1	0			0	Matches
63	Yusuf Barasi	tr TUR	MF	Kasımpaşa	23-042	2003	3.1	2	0	0	4	9	0	9	4	1			0	Matches
64	Abdülkerim Bardakcı	tr TUR	DF	Galatasaray	31-247	1994	28.2	5	0	0	19	20	2	28	25	26			0	Matches
65	Enis Bardhi	mk MKD	MF	Konyaspor	30-314	1995	22.8	5	1	1	27	28	4	102	11	17			0	Matches
66	Boran Başkan	tr TUR	MF	Trabzonspor	20-044	2006	0.0	0	0	0	0	1	0	0	0	0			0	Matches
67	Arsenii Batahov	ua UKR	DF	Trabzonspor	24-068	2002	23.5	1	0	0	14	11	0	4	29	31			0	Matches
68	Bilal Bayazit	nl NED	GK	Kayserispor	27-034	1999	28.0	5	0	0	2	3	0	0	0	1			1	Matches
69	Furkan Bayır	tr TUR	DF	Göztepe	26-092	2000	3.8	2	0	0	5	2	0	0	3	2			0	Matches
70	Ogün Bayrak		MF,DF	Göztepe	27-214	1998	6.1	1	0	0	8	2	0	24	6	7			0	Matches
71	Riechedly Bazoer	cw CUW	DF	Konyaspor	29-212	1996	9.3	5	0	0	17	5	1	1	10	8			1	Matches
72	Rodrigo Becão	br BRA	DF	Fenerbahçe	30-113	1996	0.1	0	0	0	0	0	0	0	0	0			0	Matches
73	Rodrigo Becão	br BRA	DF	Kasımpaşa	30-113	1996	11.4	4	1	0	15	18	0	1	8	7			0	Matches
74	Efkan Bekiroğlu		MF	Göztepe	30-240	1995	11.8	3	0	0	19	7	1	61	5	8			0	Matches
75	Furkan Bekleviç	tr TUR	GK	Fatih Karagümrük	27-101	1999	1.0	0	0	0	0	0	0	0	0	0			0	Matches
Rk	Player	Nation	Pos	Squad	Age	Born	90s	CrdY	CrdR	2CrdY	Fls	Fld	Off	Crs	Int	TklW	PKwon	PKcon	OG	Matches
76	Mortadha Ben Ouanes	tn TUN	MF	Kasımpaşa	31-314	1994	25.1	8	1	1	40	58	1	66	26	13			0	Matches
77	Adrian Benedyczak	pl POL	FW,MF	Kasımpaşa	25-169	2000	11.8	1	0	0	24	11	1	11	4	9			0	Matches
78	László Bénes	sk SVK	MF	Kayserispor	28-245	1997	27.6	3	1	0	34	37	0	123	26	14			0	Matches
79	El Bilal Touré	ml MLI	MF,FW	Beşiktaş	24-221	2001	17.3	4	1	0	30	19	10	10	2	9			0	Matches
80	Tayfur Bingöl	tr TUR	MF,FW	Kocaelispor	33-121	1993	23.1	6	0	0	34	37	24	21	15	23			0	Matches
81	Davide Biraschi	it ITA	DF	Fatih Karagümrük	31-314	1994	11.7	1	0	0	9	19	0	2	18	7			0	Matches
82	Morten Bjørlo	no NOR	MF	Konyaspor	30-220	1995	14.8	4	0	0	19	17	2	8	10	5			0	Matches
83	Emmanuel Boateng	gh GHA	FW	Gaziantep FK	29-354	1996	5.2	2	0	0	12	8	2	1	0	2			0	Matches
84	Sacha Boey	fr FRA	DF	Galatasaray	25-241	2000	5.4	0	0	0	7	5	1	8	2	12			0	Matches
85	Malcom Bokélé	cm CMR	DF	Göztepe	26-089	2000	28.4	10	1	1	23	17	0	14	30	12			0	Matches
86	Yohan Boli	ci CIV	FW	Antalyaspor	32-176	1993	9.5	0	0	0	16	22	13	1	0	4			0	Matches
87	Toni Borevkovic	hr CRO	DF	Samsunspor	28-328	1997	12.7	2	0	0	16	9	0	0	16	11			1	Matches
88	Arif Boşluk		DF	Trabzonspor	22-340	2003	4.1	0	0	0	6	3	0	5	3	15			0	Matches
89	Arif Boşluk		DF	Konyaspor	22-340	2003	7.6	3	0	0	16	1	0	6	10	19			0	Matches
90	Melih Bostan	tr TUR	FW	Konyaspor	22-034	2004	1.3	0	0	0	1	1	1	4	0	2			0	Matches
91	Salem Bouajila	fi FIN	FW	Göztepe	18-284	2007	0.2	1	0	0	1	0	1	0	0	0			0	Matches
92	Benjamin Bouchouari	ma MAR	MF	Trabzonspor	24-180	2001	5.9	1	1	0	7	12	0	3	4	7			0	Matches
93	Umut Bozok	tr TUR	FW	Eyüpspor	29-235	1996	22.4	4	0	0	27	62	8	5	5	5			0	Matches
94	Joshua Brenet	cw CUW	DF,MF	Kayserispor	32-053	1994	7.9	1	0	0	6	3	0	15	9	1			0	Matches
95	Ivan Brnić	hr CRO	MF	Başakşehir	24-262	2001	10.2	0	0	0	1	2	2	88	7	1			0	Matches
96	Archie Brown	eng ENG	DF,MF	Fenerbahçe	23-349	2002	16.3	4	0	0	34	30	0	83	7	24			0	Matches
97	İsmail Buğa		MF	Konyaspor	19-277	2006	0.3	0	0	0	0	1	0	1	0	0			0	Matches
98	Tahsin Bülbül		MF	Samsunspor	19-337	2006	0.9	1	0	0	1	0	0	2	1	1			0	Matches
99	Muhamed Buljubasic	ba BIH	MF	Rizespor	21-312	2004	8.8	1	0	0	17	18	0	7	8	8			0	Matches
100	Emrecan Bulut		MF,FW	Rizespor	24-106	2002	6.5	1	0	0	12	8	1	13	3	7			0	Matches
Rk	Player	Nation	Pos	Squad	Age	Born	90s	CrdY	CrdR	2CrdY	Fls	Fld	Off	Crs	Int	TklW	PKwon	PKcon	OG	Matches
101	Onur Bulut	tr TUR	DF	Başakşehir	32-026	1994	10.8	1	0	0	7	9	1	26	8	12			0	Matches
102	Taylan Bulut	de GER	DF	Beşiktaş	20-113	2006	4.9	0	0	0	5	0	3	9	1	7			0	Matches
103	Abdulsamet Burak		DF	Kayserispor	29-364	1996	4.2	3	0	0	7	8	1	5	6	3			0	Matches
104	Mustafa Burak Bozan		GK	Gaziantep FK	25-262	2000	12.7	2	1	0	1	3	0	0	0	0			0	Matches
105	Cafú	pt POR	MF	Kasımpaşa	33-075	1993	13.7	6	2	0	17	25	0	42	10	6			0	Matches
106	Oğulcan Çağlayan	tr TUR	FW	Kocaelispor	30-051	1996	2.2	1	0	0	2	1	3	2	0	0			0	Matches
107	Uğurcan Çakır	tr TUR	GK	Galatasaray	30-037	1996	25.0	4	0	0	0	6	0	0	0	0			0	Matches
108	Uğurcan Çakır	tr TUR	GK	Trabzonspor	30-037	1996	4.0	0	0	0	0	5	0	0	0	0			0	Matches
109	Onuralp Çakiroğlu	tr TUR	FW	Trabzonspor	18-158	2007	0.0	0	0	0	0	0	0	0	0	0			0	Matches
110	Lucas Calegari	br BRA	DF,MF	Eyüpspor	24-074	2002	17.0	1	0	0	17	30	0	51	14	18			0	Matches
111	Josip Čalušić	hr CRO	DF	Konyaspor	32-213	1993	3.3	1	0	0	3	1	0	0	5	2			0	Matches
112	João Pedro Gomes Camacho	pt POR	MF	Fatih Karagümrük	31-323	1994	3.5	1	0	0	8	8	2	8	3	1			0	Matches
113	Drissa Camara	ci CIV	MF	Gaziantep FK	24-083	2002	19.2	6	1	0	21	59	2	18	11	20			0	Matches
114	İrfan Can Eğribayat	tr TUR	GK	Samsunspor	27-316	1998	3.0	0	0	0	0	1	0	0	0	0			0	Matches
115	İrfan Can Eğribayat	tr TUR	GK	Fenerbahçe	27-316	1998	3.0	0	0	0	0	1	0	0	0	0			0	Matches
116	Mesut Can Tunalı		MF	Kocaelispor	24-308	2001	0.5	0	0	0	0	0	0	0	0	0			0	Matches
117	Cihan Çanak	tr TUR	MF	Gençlerbirliği	21-108	2005	4.2	0	0	0	6	6	0	9	3	4			0	Matches
118	Cihan Çanak	tr TUR	MF	Trabzonspor	21-108	2005	0.5	0	0	0	1	0	1	1	0	0			0	Matches
119	Atakan Çankaya	tr TUR	DF	Fatih Karagümrük	27-321	1998	17.0	3	0	0	22	44	1	16	26	21			0	Matches
120	Erdem Canpolat	de GER	GK	Rizespor	25-029	2001	7.0	2	0	0	0	2	0	0	0	0			0	Matches
121	Miguel Filipe Nunes Cardoso	pt POR	MF,FW	Kayserispor	31-327	1994	31.7	6	0	0	42	35	20	266	8	25			0	Matches
122	Lionel Carole	fr FRA	DF	Kayserispor	35-030	1991	20.1	3	0	0	11	31	2	20	28	24			0	Matches
123	Ebrima Ceesay	gm GAM	FW	Samsunspor	19-345	2006	0.1	0	0	0	1	0	0	0	0	0			0	Matches
124	Jesper Ceesay	gm GAM	MF	Antalyaspor	24-204	2001	23.3	4	0	0	17	22	1	5	34	32			0	Matches
125	Cihat Çelik	nl NED	MF	Kocaelispor	30-130	1996	0.1	0	0	0	1	0	0	0	0	0			0	Matches
Rk	Player	Nation	Pos	Squad	Age	Born	90s	CrdY	CrdR	2CrdY	Fls	Fld	Off	Crs	Int	TklW	PKwon	PKcon	OG	Matches
126	İzzet Çelik	tr TUR	MF	Alanyaspor	21-326	2004	1.7	0	0	0	5	8	0	1	3	6			0	Matches
127	Yiğit Çeltik	tr TUR	MF	Kayserispor	23-035	2003	0.2	0	0	0	0	1	0	1	0	1			0	Matches
128	Václav Černý	cz CZE	MF	Beşiktaş	28-207	1997	21.6	1	0	0	15	4	2	81	11	12			0	Matches
129	Tarık Çetin	tr TUR	GK	Fenerbahçe	29-124	1997	2.0	1	0	0	0	1	0	0	0	0			0	Matches
130	Fyodor Chalov	ru RUS	FW,MF	Kayserispor	28-032	1998	8.6	1	0	0	8	9	2	5	2	1			0	Matches
131	Muhammed Cham	at AUT	MF	Trabzonspor	25-228	2000	0.1	0	0	0	2	0	0	1	0	0			0	Matches
132	Sidiki Cherif	fr FRA	FW	Fenerbahçe	19-148	2006	7.2	0	0	0	8	9	8	10	1	3			0	Matches
133	Amine Cherni	tn TUN	MF	Göztepe	24-309	2001	32.3	1	0	0	44	15	3	218	18	28			0	Matches
134	Darko Churlinov	mk MKD	MF,FW	Kocaelispor	25-305	2000	11.1	2	0	0	7	12	7	36	5	8			0	Matches
135	Kayra Cihan	tr TUR	DF	Kayserispor	18-224	2007	1.1	0	0	0	1	1	0	0	5	4			0	Matches
136	Mirza Cihan		FW	Gaziantep FK	25-198	2000	0.3	0	0	0	1	1	0	0	1	0			0	Matches
137	Muharrem Cinan		DF	Kocaelispor	27-364	1998	4.5	2	0	0	2	5	0	36	4	8			0	Matches
138	Anıl Çınar		DF	Fatih Karagümrük	22-306	2003	11.3	4	0	0	17	14	0	0	14	10			2	Matches
139	Ramazan Civelek	tr TUR	DF,MF	Kayserispor	30-110	1996	23.8	7	0	0	30	35	5	37	25	21			1	Matches
140	Luccas Claro	br BRA	DF	Eyüpspor	34-222	1991	14.7	2	0	0	11	15	1	0	15	8			0	Matches
141	Kamil Çörekçi	tr TUR	DF	Kasımpaşa	34-100	1992	7.5	4	0	0	8	6	0	7	6	16			0	Matches
142	Nuno da Costa	cv CPV	MF,FW	Başakşehir	35-091	1991	9.3	3	0	0	19	17	3	10	7	9			0	Matches
143	Tanguy Coulibaly	fr FRA	MF	Samsunspor	25-083	2001	7.2	4	0	0	27	12	1	10	3	11			0	Matches
144	Crespo	pt POR	MF	Başakşehir	29-243	1996	11.6	3	0	0	21	24	2	14	8	10			0	Matches
145	Kevin Csoboth	hu HUN	FW	Gençlerbirliği	25-326	2000	0.6	0	0	0	2	1	0	3	0	0			0	Matches
146	Julián Cuesta	es ESP	GK	Antalyaspor	35-045	1991	20.0	4	0	0	0	4	0	0	0	1			0	Matches
147	Tiago Çukur	tr TUR	FW,MF	Fatih Karagümrük	23-163	2002	17.1	3	0	0	35	15	3	20	3	6			0	Matches
148	Tomáš Čvančara	cz CZE	FW	Antalyaspor	25-272	2000	5.8	1	0	0	9	11	5	4	0	2			0	Matches
149	David Datro Fofana	ci CIV	FW	Fatih Karagümrük	23-141	2002	10.9	0	0	0	16	14	7	5	2	2			0	Matches
150	Sergio Antonio De Luiz Junior	br BRA	MF,FW	Fatih Karagümrük	31-036	1995	24.2	2	0	0	36	62	23	26	6	27			0	Matches
Rk	Player	Nation	Pos	Squad	Age	Born	90s	CrdY	CrdR	2CrdY	Fls	Fld	Off	Crs	Int	TklW	PKwon	PKcon	OG	Matches
151	Gökhan Değirmenci	tr TUR	GK	Kocaelispor	37-052	1989	9.5	1	0	0	0	0	0	0	1	0			0	Matches
152	Tom Dele-Bashiru	ng NGA	MF	Gençlerbirliği	26-237	1999	25.2	1	0	0	20	40	0	1	21	25			0	Matches
153	Dilhan Demir	de GER	MF	Gençlerbirliği	22-318	2003	1.1	1	0	0	5	2	1	0	0	1			0	Matches
154	Mete-Kaan Demir	tr TUR	FW	Eyüpspor	27-364	1998	0.0	0	0	0	0	0	0	0	0	1			0	Matches
155	Yusuf Demir	at AUT	MF	Galatasaray	22-344	2003	0.3	0	0	0	0	1	0	0	0	0			0	Matches
156	Adil Demirbağ	tr TUR	DF	Konyaspor	28-153	1997	23.2	10	0	0	47	15	0	7	36	20			0	Matches
157	Kerem Demirbay	de GER	MF	Kasımpaşa	32-313	1993	7.5	5	2	2	21	11	0	24	6	14			0	Matches
158	Kerem Demirbay	de GER	MF	Eyüpspor	32-313	1993	15.7	4	0	0	25	23	0	91	20	24			0	Matches
159	Ali Demirbilek	tr TUR	FW	Antalyaspor	17-127	2009	0.0	0	0	0	0	0	0	0	0	0			0	Matches
160	Alper Demirol	se SWE	MF	Fatih Karagümrük	23-223	2002	0.8	0	0	0	0	2	0	0	0	0			0	Matches
161	Anthony Dennis	ng NGA	MF	Göztepe	21-325	2004	26.5	8	0	0	63	33	0	15	36	31			0	Matches
162	Stefano Denswil	sr SUR	DF	Kayserispor	33-005	1993	30.2	3	0	0	22	13	4	5	25	14			0	Matches
163	Halil Dervişoğlu	tr TUR	FW	Rizespor	26-155	1999	9.5	4	0	0	16	23	6	0	4	5			0	Matches
164	Ersin Destanoğlu	tr TUR	GK	Beşiktaş	25-131	2001	24.0	4	0	0	0	7	0	0	0	0			0	Matches
165	Ali Diabaté	ci CIV	DF	Samsunspor	19-158	2006	1.7	1	0	0	4	1	0	0	6	3			0	Matches
166	Fousseni Diabaté	ml MLI	MF	Kasımpaşa	30-206	1995	21.0	1	0	0	14	19	4	55	8	18			0	Matches
167	Ousmane Dıabate	gn GUI	MF	Gençlerbirliği	18-230	2007	2.0	1	0	0	2	1	0	0	2	1			0	Matches
168	Anfernee Dijksteel	sr SUR	DF	Kocaelispor	29-197	1996	28.9	2	0	0	22	33	1	16	26	21			0	Matches
169	Soner Dikmen	tr TUR	MF	Antalyaspor	32-253	1993	22.9	8	0	0	34	24	3	12	26	15			0	Matches
170	Deniz Dilmen	tr TUR	GK	Başakşehir	20-341	2005	1.0	0	0	0	0	0	0	0	0	0			0	Matches
171	Landry Dimata	be BEL	MF,FW	Samsunspor	28-253	1997	1.4	0	0	0	0	5	0	2	0	2			0	Matches
172	Sokratis Dioudis	gr GRE	GK	Gaziantep FK	33-098	1993	0.3	0	0	0	0	0	0	0	0	0			0	Matches
173	Novatus Dismas	tz TAN	MF	Göztepe	23-252	2002	24.1	10	0	0	62	13	0	16	44	30			0	Matches
174	Tiago Djaló	pt POR	DF	Beşiktaş	26-033	2000	16.3	4	0	0	28	13	0	0	27	16			0	Matches
175	Alexander Djiku	gh GHA	DF,MF	Fenerbahçe	31-276	1994	0.0	0	0	0	0	0	0	0	1	0			0	Matches
Rk	Player	Nation	Pos	Squad	Age	Born	90s	CrdY	CrdR	2CrdY	Fls	Fld	Off	Crs	Int	TklW	PKwon	PKcon	OG	Matches
176	Ahmet Doğan Yıldırım		GK	Trabzonspor	19-192	2006	0.9	1	0	0	1	0	0	0	0	0			0	Matches
177	Marius Doh	ci CIV	MF	Fatih Karagümrük	22-146	2003	11.3	2	1	0	26	23	0	13	22	16			0	Matches
178	Deniz Donmezer		GK	Kayserispor	17-233	2008	1.0	0	0	0	0	0	0	0	0	0			0	Matches
179	Nene Dorgeles	ml MLI	MF	Fenerbahçe	23-140	2002	16.3	3	0	0	18	21	2	28	19	15			0	Matches
180	Denis Drăguș	ro ROU	FW	Gaziantep FK	26-310	1999	3.7	0	0	0	9	11	3	2	3	6			0	Matches
181	Denis Drăguș	ro ROU	MF,FW	Eyüpspor	26-310	1999	9.7	3	0	0	21	23	3	8	5	16			0	Matches
182	Rick van Drongelen	nl NED	DF	Samsunspor	27-143	1998	30.4	5	0	0	47	9	0	10	29	33			0	Matches
183	Léo Duarte	br BRA	DF	Başakşehir	29-299	1996	25.6	5	0	0	30	22	0	5	22	23			0	Matches
184	Tibet Durakçay		FW	Göztepe	20-100	2006	0.0	0	0	0	0	0	0	0	0	0			0	Matches
185	Jáder Durán	co COL	FW	Fenerbahçe	22-150	2003	6.0	2	0	0	12	13	8	3	0	3			0	Matches
186	Abdurrahim Dursun	tr TUR	DF,MF	Gençlerbirliği	27-162	1998	7.3	2	0	0	7	4	1	27	7	16			0	Matches
187	Serdar Dursun	tr TUR	FW	Kocaelispor	34-205	1991	16.7	3	0	0	26	19	7	1	0	3			0	Matches
188	Georgi Dzhikiya	ru RUS	DF	Antalyaspor	32-172	1993	12.8	3	0	0	5	7	0	4	7	7			0	Matches
189	Festy Ebosele	ie IRL	DF	Başakşehir	23-283	2002	7.6	4	2	1	22	16	0	8	12	25			0	Matches
190	Ederson	br BRA	GK	Fenerbahçe	32-268	1993	23.7	8	1	1	0	6	0	0	0	0			0	Matches
191	Yiğit Efe Demir	tr TUR	DF	Fenerbahçe	21-283	2004	7.0	2	0	0	9	4	0	3	10	15			0	Matches
192	Demir Ege Tıknaz	tr TUR	MF	Beşiktaş	21-268	2004	3.5	2	0	0	12	4	0	0	2	8			0	Matches
193	Meschak Elia	cd COD	MF,FW	Alanyaspor	28-279	1997	8.1	1	0	0	12	9	4	35	5	4			0	Matches
194	Eren Elmalı	tr TUR	DF,MF	Galatasaray	25-309	2000	16.0	3	0	0	15	13	1	39	12	18			0	Matches
195	Bartuğ Elmaz	tr TUR	MF	Fenerbahçe	23-082	2003	1.1	1	0	0	3	0	0	3	0	4			0	Matches
196	Bartuğ Elmaz	tr TUR	MF	Fatih Karagümrük	23-082	2003	10.6	1	0	0	12	12	0	6	8	7			0	Matches
197	Emersonn	br BRA	FW	Göztepe	21-300	2004	1.4	0	0	0	7	5	0	2	0	4			0	Matches
198	Yunus Emre Çift	tr TUR	MF,DF	Samsunspor	22-253	2003	8.1	4	0	0	24	7	0	1	16	18			0	Matches
199	Youssef En-Nesyri	ma MAR	FW	Fenerbahçe	28-345	1997	11.2	1	0	0	9	4	4	3	1	2			0	Matches
200	Mehmet Eray Özbek		MF	Kayserispor	23-123	2003	1.5	1	0	0	4	1	0	3	0	3			0	Matches
Rk	Player	Nation	Pos	Squad	Age	Born	90s	CrdY	CrdR	2CrdY	Fls	Fld	Off	Crs	Int	TklW	PKwon	PKcon	OG	Matches
201	Erhan Erentürk	tr TUR	GK	Gençlerbirliği	30-347	1995	7.0	2	0	0	0	1	0	0	0	0			0	Matches
202	Onur Ergün	tr TUR	MF	Başakşehir	33-178	1992	3.8	1	0	0	3	3	0	1	3	8			0	Matches
203	Muzaffer Eriş		DF	Konyaspor	19-297	2006	1.7	0	0	0	1	0	0	0	3	3			0	Matches
204	Burhan Ersoy		MF	Fatih Karagümrük	22-333	2003	0.0	0	0	0	0	0	0	0	0	0			0	Matches
205	Deniz Ertaş	tr TUR	GK	Konyaspor	21-053	2005	11.0	2	0	0	0	0	0	0	0	0			0	Matches
206	Ricardo Esgaio	pt POR	DF	Fatih Karagümrük	32-361	1993	23.2	3	0	0	41	20	6	33	19	43			0	Matches
207	Mustafa Eskihellaç	tr TUR	DF,MF	Trabzonspor	29-007	1997	25.7	7	1	1	24	64	5	34	18	33			0	Matches
208	Jhon Espinoza	ec ECU	DF,MF	Kasımpaşa	27-077	1999	6.2	4	0	0	14	5	0	15	10	8			0	Matches
209	Oghenekaro Etebo	ng NGA	MF	Gençlerbirliği	30-184	1995	0.5	0	0	0	0	2	0	0	1	1			0	Matches
210	Mamadou Fall	sn SEN	MF,FW	Kasımpaşa	34-132	1991	12.9	1	0	0	12	19	16	22	7	10			0	Matches
211	Andri Fannar Baldursson	is ISL	MF	Kasımpaşa	24-122	2002	29.1	8	0	0	68	34	0	4	37	48			0	Matches
212	Ömer Faruk Beyaz	tr TUR	MF	Başakşehir	22-256	2003	0.3	0	0	0	0	1	0	0	0	0			0	Matches
213	Abbosbek Fayzullayev	uz UZB	MF	Başakşehir	22-221	2003	11.4	4	0	0	18	19	3	74	6	17			0	Matches
214	Marcos Felipe	br BRA	GK	Eyüpspor	30-029	1996	19.0	0	0	0	0	3	0	0	0	0			0	Matches
215	Ohis Felix Uduokhai	de GER	DF	Beşiktaş	28-245	1997	12.5	4	0	0	16	14	0	0	23	17			0	Matches
216	Yahia Fofana	ci CIV	GK	Rizespor	25-264	2000	26.0	2	0	0	0	8	0	0	1	0			0	Matches
217	Fred	br BRA	MF	Fenerbahçe	33-068	1993	15.4	3	0	0	20	28	1	27	19	22			0	Matches
218	Godfried Frimpong	nl NED	DF	Kasımpaşa	27-021	1999	24.4	1	0	0	23	15	2	57	26	13			0	Matches
219	Karamba Gassama	gm GAM	MF,FW	Gaziantep FK	21-130	2005	6.2	0	0	0	7	11	1	8	6	6			0	Matches
220	Furkan Gedik		MF	Kocaelispor	23-304	2002	0.4	0	0	0	0	1	0	2	0	0			0	Matches
221	Baran Gezek	tr TUR	MF	Eyüpspor	20-259	2005	14.4	1	0	0	14	11	0	1	22	23			0	Matches
222	Lautaro Gianetti	ar ARG	DF	Antalyaspor	32-180	1993	19.0	6	0	0	18	3	1	1	16	25			0	Matches
223	Andreas Gianniotis	gr GRE	GK	Kasımpaşa	33-151	1992	33.0	4	0	0	0	3	0	0	1	0			0	Matches
224	Victor Gidado	ng NGA	MF	Gaziantep FK	21-302	2004	4.9	2	0	0	7	2	0	0	8	6			0	Matches
225	Allan Godói	br BRA	DF	Göztepe	33-038	1993	20.6	2	0	0	20	30	1	2	34	29			1	Matches
Rk	Player	Nation	Pos	Squad	Age	Born	90s	CrdY	CrdR	2CrdY	Fls	Fld	Off	Crs	Int	TklW	PKwon	PKcon	OG	Matches
226	Diogo Gonçalves	pt POR	MF,FW	Konyaspor	29-095	1997	2.5	1	0	0	5	4	1	3	1	3			0	Matches
227	Soner Gönül	tr TUR	DF,MF	Samsunspor	28-335	1997	8.3	4	0	0	5	11	4	52	3	7			0	Matches
228	Zafer Görgen		GK	Gaziantep FK	25-325	2000	20.0	3	0	0	1	7	0	0	0	0			0	Matches
229	Dimitris Goutas	gr GRE	DF	Gençlerbirliği	32-038	1994	31.3	5	0	0	14	15	1	0	37	22			0	Matches
230	Andre Gray	jm JAM	FW	Fatih Karagümrük	34-320	1991	5.8	0	0	0	8	4	5	5	0	1			0	Matches
231	Ivo Grbić	hr CRO	GK	Fatih Karagümrük	30-114	1996	32.0	3	0	0	0	6	0	0	1	5			0	Matches
232	Mattéo Guendouzi	fr FRA	MF	Fenerbahçe	27-028	1999	14.6	4	0	0	12	42	1	22	20	11			0	Matches
233	Bachir Gueye	sn SEN	FW	Antalyaspor	23-065	2003	1.0	1	0	0	4	3	0	1	0	1			0	Matches
234	Semih Güler		DF	Kayserispor	31-163	1994	14.3	2	0	0	7	4	0	4	18	18			0	Matches
235	Semih Güler		DF	Gaziantep FK	31-163	1994	8.5	1	0	0	1	5	1	1	11	14			0	Matches
236	Ömer Gümüş		MF	Fatih Karagümrük	22-309	2003	0.8	0	0	0	1	0	0	5	0	1			0	Matches
237	İlkay Gündoğan	de GER	MF	Galatasaray	35-200	1990	14.4	1	0	0	15	14	0	15	12	15			0	Matches
238	Umut Güneş	tr TUR	MF	Başakşehir	26-057	2000	22.2	3	0	0	42	24	0	11	22	21			0	Matches
239	Bahadır Güngördü		GK	Konyaspor	28-155	1997	22.0	3	0	0	1	4	0	0	1	0			0	Matches
240	Mert Günok	tr TUR	GK	Beşiktaş	37-072	1989	8.0	0	0	0	0	2	0	0	0	0			0	Matches
241	Mert Günok	tr TUR	GK	Fenerbahçe	37-072	1989	3.3	0	0	0	0	0	0	0	0	0			0	Matches
242	Hamza Güreler	tr TUR	DF	Başakşehir	20-032	2006	1.6	0	0	0	0	2	0	0	3	1			0	Matches
243	Serdar Gürler	tr TUR	MF,DF	Eyüpspor	34-240	1991	14.2	2	0	0	10	19	5	32	10	11			0	Matches
244	Gökdeniz Gürpüz	tr TUR	MF	Galatasaray	20-076	2006	0.0	0	0	0	0	0	0	0	0	1			0	Matches
245	Göktan Gürpüz	de GER	MF	Gençlerbirliği	23-110	2003	21.3	2	0	0	21	20	1	103	13	18			0	Matches
246	Günay Güvenç	tr TUR	GK	Galatasaray	34-321	1991	7.7	2	1	0	1	0	0	0	0	1			0	Matches
247	Pape Habib Guèye	sn SEN	FW	Kasımpaşa	26-234	1999	17.3	5	1	1	66	26	5	8	3	15			0	Matches
248	Florent Hadergjonaj	xk KVX	MF	Alanyaspor	31-285	1994	23.6	4	0	0	14	17	1	176	8	14			0	Matches
249	Ianis Hagi	ro ROU	MF,FW	Alanyaspor	27-202	1998	15.4	4	0	0	19	48	3	96	5	14			0	Matches
250	Massadio Haïdara	ml MLI	DF	Kocaelispor	33-161	1992	19.1	5	0	0	27	33	4	69	18	13			0	Matches
Rk	Player	Nation	Pos	Squad	Age	Born	90s	CrdY	CrdR	2CrdY	Fls	Fld	Off	Crs	Int	TklW	PKwon	PKcon	OG	Matches
251	Haris Hajradinović	ba BIH	MF	Kasımpaşa	32-083	1994	6.1	2	0	0	11	13	1	45	3	10			0	Matches
252	Matěj Hanousek	cz CZE	DF	Gençlerbirliği	32-344	1993	14.2	1	0	0	5	2	0	30	10	9			0	Matches
253	Amine Harit	ma MAR	MF	Başakşehir	28-328	1997	16.6	3	0	0	20	35	2	34	14	9			0	Matches
254	Mustafa Hekimoğlu	tr TUR	FW	Beşiktaş	19-020	2007	3.8	2	0	0	19	14	2	3	3	5			0	Matches
255	Héliton	br BRA	DF	Göztepe	30-180	1995	31.0	10	0	0	29	7	4	0	30	16			0	Matches
256	Carlo Holse	dk DEN	MF	Samsunspor	26-344	1999	27.9	1	0	0	31	30	3	30	18	37			0	Matches
257	Majid Hosseini	ir IRN	DF	Kayserispor	29-326	1996	3.0	1	0	0	2	1	0	0	8	4			0	Matches
258	Oh Hyeon-gyu	kr KOR	FW	Beşiktaş	25-030	2001	12.0	2	0	0	20	28	9	3	3	2			0	Matches
259	Casper Højer Nielsen	dk DEN	DF	Rizespor	31-173	1994	29.0	5	0	0	39	20	1	109	30	28			0	Matches
260	Melih Ibrahimoglu	tr TUR	MF	Konyaspor	25-299	2000	25.3	2	0	0	34	44	1	23	17	41			0	Matches
261	Mücahit Ibrahimoglu	at AUT	MF	Konyaspor	21-064	2005	0.0	0	0	0	0	0	0	0	0	0			0	Matches
262	Mauro Icardi	ar ARG	FW	Galatasaray	33-082	1993	13.7	1	0	0	7	4	3	7	1	0			0	Matches
263	Hasan İlçin	tr TUR	MF	Antalyaspor	17-049	2009	1.9	0	0	0	0	2	0	0	2	3			0	Matches
264	Ahmed Ildiz	tr TUR	MF	Göztepe	29-164	1996	0.6	1	0	0	2	1	0	0	1	1			0	Matches
265	Christ Inao Oulaï	ci CIV	MF	Trabzonspor	20-036	2006	22.1	9	0	0	38	48	0	26	20	27			0	Matches
266	Tim Jabol-Folcarelli	fr FRA	MF	Trabzonspor	26-157	1999	25.9	4	0	0	35	37	0	2	27	35			0	Matches
267	Ismail Jakobs	sn SEN	DF	Galatasaray	26-268	1999	14.3	1	0	0	12	10	0	51	13	14			0	Matches
268	Janderson	br BRA	FW	Göztepe	27-006	1999	26.4	8	0	0	54	12	13	22	4	17			0	Matches
269	Nicolas Janvier	fr FRA	MF	Alanyaspor	27-274	1998	17.0	3	0	0	21	3	0	33	22	13			0	Matches
270	Jeferson Jeh	br BRA	FW	Göztepe	26-200	1999	5.2	3	0	0	26	10	3	10	0	1			0	Matches
271	Marko Jevtović	rs SRB	MF,DF	Konyaspor	32-292	1993	13.1	4	0	0	11	9	0	6	20	17			0	Matches
272	Jo Jinho	kr KOR	MF,DF	Konyaspor	22-306	2003	11.3	5	0	0	28	15	0	17	8	16			0	Matches
273	Daniel Johnson	jm JAM	MF	Fatih Karagümrük	33-216	1992	11.3	4	0	0	15	9	3	33	8	2			0	Matches
274	Aleksandar Jovanović	rs SRB	GK	Kocaelispor	33-157	1992	17.5	3	0	0	0	3	0	0	0	0			1	Matches
275	Gideon Jung	de GER	MF,DF	Kayserispor	31-242	1994	3.4	1	0	0	4	3	0	0	1	2			0	Matches
Rk	Player	Nation	Pos	Squad	Age	Born	90s	CrdY	CrdR	2CrdY	Fls	Fld	Off	Crs	Int	TklW	PKwon	PKcon	OG	Matches
276	David Jurásek	cz CZE	DF	Beşiktaş	25-278	2000	7.1	0	0	0	1	3	3	38	6	6			1	Matches
277	Václav Jurečka	cz CZE	FW,MF	Rizespor	31-320	1994	5.2	2	0	0	7	5	7	0	0	2			0	Matches
278	Uğur Kaan Yıldız	tr TUR	DF	Göztepe	23-279	2002	0.7	0	0	0	1	0	0	4	1	1			0	Matches
279	Yusuf Kabadayı	de GER	MF,FW	Gaziantep FK	22-099	2004	6.8	6	0	0	23	8	1	4	8	6			0	Matches
280	Melih Kabasakal		MF,DF	Gaziantep FK	30-083	1996	15.6	8	0	0	23	8	1	2	34	37			0	Matches
281	Melih Kabasakal		MF	Eyüpspor	30-083	1996	1.2	0	0	0	1	0	0	0	3	4			0	Matches
282	Muhammed Kadıoğlu	tr TUR	DF	Fatih Karagümrük	19-131	2007	6.6	1	0	0	6	3	0	2	13	4			1	Matches
283	İrfan Kahveci	tr TUR	MF	Fenerbahçe	30-301	1995	3.2	0	0	0	4	7	5	21	1	3			0	Matches
284	İrfan Kahveci	tr TUR	MF	Kasımpaşa	30-301	1995	14.2	5	0	0	22	26	2	77	6	15			0	Matches
285	Barış Kalayci	tr TUR	MF	Fatih Karagümrük	20-255	2005	13.6	4	0	0	13	29	5	24	12	8			0	Matches
286	Ali Kalın		FW	Gaziantep FK	18-050	2008	0.4	0	0	0	1	1	0	1	2	1			0	Matches
287	Tarık Kalpaklı	tr TUR	MF	Fatih Karagümrük	17-036	2009	3.1	1	0	0	9	2	3	2	1	4			0	Matches
288	Kubilay Kanatsızkuş	tr TUR	FW	Kasımpaşa	29-045	1997	6.8	0	0	0	7	11	2	4	2	2			0	Matches
289	N'Golo Kanté	fr FRA	MF	Fenerbahçe	35-044	1991	11.7	3	0	0	16	6	0	7	20	19			0	Matches
290	Burak Kapacak	tr TUR	DF	Kayserispor	26-155	1999	3.3	1	0	0	5	5	0	19	7	10			0	Matches
291	Efecan Karaca	tr TUR	FW,MF	Alanyaspor	36-177	1989	5.6	3	0	0	11	17	1	17	1	4			0	Matches
292	Samet Karakoç	az AZE	MF,DF	Antalyaspor	23-202	2002	6.7	1	0	0	10	11	3	30	6	4			0	Matches
293	Haydar Karataş	tr TUR	MF	Fenerbahçe	19-060	2007	0.0	0	0	0	1	0	0	0	0	0			0	Matches
294	Kazımcan Karataş	tr TUR	DF	Başakşehir	23-116	2003	6.8	1	0	0	2	7	4	19	10	11			0	Matches
295	Kazımcan Karataş	tr TUR	DF	Galatasaray	23-116	2003	4.9	3	0	0	5	2	1	10	1	10			0	Matches
296	Ali Karimi	ir IRN	MF	Kayserispor	32-090	1994	0.5	0	0	0	0	0	0	1	0	2			0	Matches
297	Jadel Katongo	zm ZAM	DF	Kayserispor	21-240	2004	6.1	1	0	0	8	8	1	5	3	9			0	Matches
298	İbrahim Kaya		MF,FW	Alanyaspor	25-064	2001	12.7	2	0	0	10	33	4	53	5	7			0	Matches
299	Kerem Kayaarası	tr TUR	FW	Antalyaspor	20-055	2006	0.0	0	0	0	0	0	0	0	1	0			0	Matches
300	Yalçın Kayan	tr TUR	MF	Eyüpspor	27-102	1999	9.7	3	0	0	15	19	1	28	5	5			0	Matches
Rk	Player	Nation	Pos	Squad	Age	Born	90s	CrdY	CrdR	2CrdY	Fls	Fld	Off	Crs	Int	TklW	PKwon	PKcon	OG	Matches
301	Yalçın Kayan	tr TUR	MF	Samsunspor	27-102	1999	8.3	5	0	0	18	18	0	33	7	12			0	Matches
302	Jakub Kałuziński	pl POL	MF	Başakşehir	23-193	2002	3.6	2	0	0	7	6	0	11	3	4			0	Matches
303	Jakub Kałuziński	pl POL	MF	Antalyaspor	23-193	2002	2.4	0	0	0	4	2	0	12	2	0			0	Matches
304	Habib Keita	ml MLI	MF	Kocaelispor	24-096	2002	22.3	3	0	0	37	33	0	12	16	22			0	Matches
305	Can Keles	at AUT	FW,MF	Kocaelispor	24-252	2001	9.6	2	1	0	13	13	3	39	8	7			0	Matches
306	Thalisson Kelven	br BRA	DF	Gençlerbirliği	28-005	1998	28.1	7	2	2	32	21	0	6	34	26			0	Matches
307	Olivier Kemen	cm CMR	MF	Başakşehir	29-296	1996	24.5	5	0	0	34	45	2	28	9	23			0	Matches
308	Enes Keskin		MF	Alanyaspor	24-342	2001	7.6	1	0	0	8	18	4	11	10	16			0	Matches
309	Abdou Khadre Sy	sn SEN	FW	Eyüpspor	18-148	2007	0.2	0	0	0	1	2	0	0	0	0			0	Matches
310	Emre Kılınç	tr TUR	MF,FW	Samsunspor	31-262	1994	13.2	6	0	0	20	19	0	44	3	16			0	Matches
311	Arda Kızıldağ	tr TUR	DF	Gaziantep FK	27-209	1998	19.6	8	0	0	26	15	0	2	28	20			1	Matches
312	Arif Kocaman		DF	Kayserispor	22-240	2003	2.5	0	0	0	2	0	0	0	2	2			0	Matches
313	Okan Kocuk	tr TUR	GK	Samsunspor	30-289	1995	30.0	2	0	0	0	6	0	0	0	1			0	Matches
314	Sekou Koita	ml MLI	MF,FW	Gençlerbirliği	26-165	1999	19.1	3	2	0	28	31	5	13	7	14			0	Matches
315	Orkun Kökçü	tr TUR	MF	Beşiktaş	25-134	2000	26.5	5	2	0	22	52	1	136	8	14			0	Matches
316	Abdul Kone	ci CIV	FW	Fatih Karagümrük	18-133	2007	0.5	0	0	0	5	0	2	0	0	0			0	Matches
317	Nurettin Korkmaz	tr TUR	DF	Kayserispor	23-319	2002	1.8	1	0	0	2	5	0	9	2	0			0	Matches
318	İsmail Köybaşı	tr TUR	DF	Göztepe	36-306	1989	0.8	2	1	1	2	2	0	5	0	2			0	Matches
319	Kacper Kozłowski	pl POL	MF,FW	Gaziantep FK	22-208	2003	28.4	6	0	0	45	87	1	35	3	25			0	Matches
320	Blaž Kramer	si SVN	FW	Konyaspor	29-345	1996	7.4	4	0	0	20	8	2	4	1	2			0	Matches
321	Matías Kranevitter	ar ARG	MF	Fatih Karagümrük	32-356	1993	18.7	5	1	0	33	10	0	4	15	21			1	Matches
322	Filip Krastev	bg BUL	MF	Göztepe	24-209	2001	5.4	1	0	0	22	8	0	20	7	10			1	Matches
323	Enver Kulasin	ba BIH	MF	Gaziantep FK	22-243	2003	1.5	1	0	0	2	4	0	1	0	3			0	Matches
324	Arda Kurtulan	al ALB	MF	Göztepe	23-174	2002	26.0	6	0	0	48	25	0	51	46	41			0	Matches
325	Fatih Kuruçuk	tr TUR	DF	Fatih Karagümrük	28-111	1998	2.5	1	0	0	1	4	0	0	0	2			1	Matches
Rk	Player	Nation	Pos	Squad	Age	Born	90s	CrdY	CrdR	2CrdY	Fls	Fld	Off	Crs	Int	TklW	PKwon	PKcon	OG	Matches
326	Çağtay Kurukalıp	tr TUR	DF	Fatih Karagümrük	24-077	2002	13.2	1	0	0	17	26	3	42	22	17			0	Matches
327	Berkan Kutlu	tr TUR	MF	Galatasaray	28-107	1998	0.7	1	0	0	5	0	0	2	2	1			0	Matches
328	Berkan Kutlu	tr TUR	MF,DF	Konyaspor	28-107	1998	11.7	3	0	0	7	14	0	21	16	8			0	Matches
329	Ahmed Kutucu	tr TUR	FW,MF	Galatasaray	26-072	2000	0.9	0	0	0	4	0	0	1	2	2			0	Matches
330	Moussa Kyabou	ml MLI	MF	Gençlerbirliği	28-024	1998	1.6	0	0	0	4	1	0	1	3	3			0	Matches
331	Qazim Laçi	al ALB	MF	Rizespor	30-113	1996	28.8	6	1	1	45	34	7	128	20	28			0	Matches
332	Mohamed Lamine Bayo	gn GUI	FW	Gaziantep FK	27-342	1998	25.0	2	0	0	17	6	14	9	2	6			0	Matches
333	Noa Lang	nl NED	MF	Galatasaray	26-329	1999	6.8	2	0	0	6	8	1	47	2	5			0	Matches
334	Sam Larsson	se SWE	MF,FW	Fatih Karagümrük	33-032	1993	16.3	1	0	0	14	13	3	19	23	13			0	Matches
335	Mario Lemina	ga GAB	MF,DF	Galatasaray	32-253	1993	18.7	6	0	0	26	9	1	6	26	19			0	Matches
336	Igor Lichnovsky	cl CHI	DF	Fatih Karagümrük	32-066	1994	13.0	3	0	0	8	5	0	1	17	11			0	Matches
337	Nuno Lima	pt POR	DF	Alanyaspor	25-057	2001	30.3	8	0	0	34	18	0	5	20	17			0	Matches
338	Karol Linetty	pl POL	MF	Kocaelispor	31-099	1995	16.9	7	0	0	55	17	0	51	18	15			0	Matches
339	Mateusz Lis	pl POL	GK	Göztepe	29-074	1997	33.0	3	0	0	0	11	0	0	2	0			0	Matches
340	Dominik Livaković	hr CRO	GK	Fenerbahçe	31-123	1995	1.0	0	0	0	0	0	0	0	0	0			0	Matches
341	Guilherme Luiz	br BRA	FW	Göztepe	21-017	2005	2.1	1	0	0	6	5	1	1	2	0			0	Matches
342	Christopher Lungoyi	ch SUI	MF,FW	Gaziantep FK	25-312	2000	19.1	7	0	0	43	67	7	18	5	15			0	Matches
343	Mathias Løvik	no NOR	DF	Trabzonspor	22-157	2003	7.2	1	0	0	7	4	0	25	10	8			0	Matches
344	Salem M'bakata	cd COD	DF	Gaziantep FK	28-023	1998	0.4	0	0	0	0	0	0	0	1	0			0	Matches
345	Maestro	ao ANG	MF	Alanyaspor	22-281	2003	14.9	6	1	1	22	17	0	5	3	15			0	Matches
346	Denis Makarov	ru RUS	MF	Kayserispor	28-083	1998	6.8	3	0	0	15	16	4	34	2	4			0	Matches
347	Antoine Makoumbou	cg CGO	MF	Samsunspor	27-298	1998	24.6	7	0	0	42	32	0	5	16	15			0	Matches
348	Gaius Makouta	cg CGO	MF	Alanyaspor	28-291	1997	28.7	7	0	0	37	43	1	25	30	24			0	Matches
349	Salih Malkoçoglu		DF	Trabzonspor	21-078	2005	2.1	0	0	0	0	0	0	0	4	6			0	Matches
350	Carlos Mané	gw GNB	MF	Kayserispor	32-062	1994	11.6	2	0	0	16	11	5	31	9	11			0	Matches
Rk	Player	Nation	Pos	Squad	Age	Born	90s	CrdY	CrdR	2CrdY	Fls	Fld	Off	Crs	Int	TklW	PKwon	PKcon	OG	Matches
351	Ismaila Manga	sn SEN	MF	Eyüpspor	18-362	2007	0.3	1	0	0	1	1	0	0	0	1			0	Matches
352	João Mário	pt POR	MF	Beşiktaş	33-113	1993	1.2	0	0	0	0	0	2	3	0	2			0	Matches
353	Sam Mather	eng ENG	FW	Kayserispor	21-251	2004	0.6	0	0	0	0	0	0	1	1	1			0	Matches
354	Alexandru Maxim	ro ROU	MF,FW	Gaziantep FK	35-308	1990	28.8	6	0	0	34	48	2	164	18	18			0	Matches
355	Dire Mebude	sct SCO	MF,FW	Rizespor	21-349	2004	7.2	0	0	0	2	18	2	8	9	2			0	Matches
356	João Mendes	pt POR	MF	Kayserispor	31-203	1994	16.3	4	1	1	20	32	4	57	7	8			0	Matches
357	Joe Mendes	se SWE	MF,DF	Samsunspor	23-132	2002	13.6	4	1	0	20	24	3	34	12	11			0	Matches
358	Ryan Mendes	cv CPV	FW	Kocaelispor	36-124	1990	3.0	0	0	0	3	1	0	5	2	2			0	Matches
359	Batista Mendy	fr FRA	DF,MF	Trabzonspor	26-120	2000	0.6	0	0	0	4	3	0	0	0	1			0	Matches
360	Umut Meraş	tr TUR	DF	Eyüpspor	30-143	1995	19.3	2	0	0	12	15	3	37	31	19			0	Matches
361	Levent Mercan	de GER	DF	Fenerbahçe	25-153	2000	12.6	1	0	0	12	10	2	46	15	16			1	Matches
362	Valentin Mihaila	ro ROU	MF,FW	Rizespor	26-099	2000	13.8	4	0	0	15	21	6	20	3	4			0	Matches
363	Metehan Mimaroğlu		MF,FW	Gençlerbirliği	31-309	1994	20.8	3	0	0	19	32	10	136	13	11			0	Matches
364	Filip Mladenović	rs SRB	DF	Fatih Karagümrük	34-270	1991	9.4	2	0	0	5	14	0	42	15	4			0	Matches
365	Attila Mocsi	hu HUN	DF	Rizespor	25-348	2000	18.5	3	0	0	23	8	0	7	8	25			0	Matches
366	Baran Mogultay	de GER	MF	Alanyaspor	21-359	2004	1.1	0	0	0	1	0	0	7	0	0			0	Matches
367	Musah Mohammed	gh GHA	MF	Göztepe	24-127	2002	2.4	1	0	0	10	5	0	0	2	1			0	Matches
368	Marius Mouandilmadji	td CHA	FW	Samsunspor	28-110	1998	21.8	3	0	0	33	27	31	4	5	4			0	Matches
369	Steve Mounié	bj BEN	FW	Alanyaspor	31-225	1994	7.9	4	0	0	28	12	2	2	1	4			0	Matches
370	Ernest Muçi	al ALB	MF	Beşiktaş	25-054	2001	0.6	0	0	0	1	1	0	0	1	1			0	Matches
371	Ernest Muçi	al ALB	MF	Trabzonspor	25-054	2001	20.0	4	0	0	10	14	4	111	7	9			0	Matches
372	Arbnor Muja	al ALB	MF	Samsunspor	27-164	1998	0.6	0	0	0	1	1	1	1	0	2			0	Matches
373	Nihad Mujakić	ba BIH	DF	Gaziantep FK	28-027	1998	8.5	0	0	0	5	9	0	2	5	7			0	Matches
374	Nihad Mujakić	ba BIH	DF	Eyüpspor	28-027	1998	15.0	4	0	0	8	17	1	16	16	11			0	Matches
375	Atakan Müjde		MF	Kasımpaşa	23-107	2003	1.7	3	0	0	7	5	0	8	4	2			0	Matches
Rk	Player	Nation	Pos	Squad	Age	Born	90s	CrdY	CrdR	2CrdY	Fls	Fld	Off	Crs	Int	TklW	PKwon	PKcon	OG	Matches
376	Mert Müldür	tr TUR	DF	Fenerbahçe	27-039	1999	12.9	4	0	0	6	18	0	31	18	25			0	Matches
377	Jackson Muleka	cd COD	MF,FW	Konyaspor	26-220	1999	24.7	4	0	0	41	77	6	23	17	26			0	Matches
378	Anthony Musaba	nl NED	MF	Samsunspor	25-157	2000	13.0	3	0	0	13	12	1	33	2	6			0	Matches
379	Anthony Musaba	nl NED	MF	Fenerbahçe	25-157	2000	8.4	0	0	0	4	15	4	33	0	10			0	Matches
380	Adamo Nagalo	bf BFA	DF	Konyaspor	23-232	2002	6.6	4	1	1	6	7	1	0	6	5			0	Matches
381	Michał Nalepa	pl POL	MF,FW	Gençlerbirliği	31-049	1995	2.9	2	1	1	7	3	0	8	1	4			0	Matches
382	Umut Nayir	tr TUR	FW	Trabzonspor	32-318	1993	3.4	1	0	0	2	7	0	2	0	0			0	Matches
383	Umut Nayir	tr TUR	FW	Konyaspor	32-318	1993	18.5	1	0	0	15	36	14	4	1	1			0	Matches
384	Alassane Ndao	sn SEN	MF,FW	Konyaspor	29-143	1996	8.8	0	0	0	2	8	4	31	5	7			0	Matches
385	Badou Ndiaye	sn SEN	MF	Gaziantep FK	35-197	1990	4.7	4	0	0	9	12	0	1	1	7			0	Matches
386	Cherif Ndiaye	sn SEN	FW,MF	Samsunspor	30-109	1996	15.8	4	1	1	35	50	14	4	0	11			0	Matches
387	Wilfred Ndidi	ng NGA	MF	Beşiktaş	29-147	1996	21.7	4	0	0	40	22	1	5	40	34			0	Matches
388	Renato Nhaga	gw GNB	MF	Galatasaray	19-046	2007	0.5	0	0	0	0	5	0	0	0	0			0	Matches
389	M'Baye Niang	sn SEN	FW	Gençlerbirliği	31-144	1994	19.3	6	0	0	50	61	14	6	5	4			0	Matches
390	Rob Nizet	be BEL	DF	Gaziantep FK	24-028	2002	0.2	0	0	0	0	1	0	0	0	1			0	Matches
391	Joseph Nonge	be BEL	MF,FW	Kocaelispor	20-362	2005	12.7	3	0	0	31	45	0	14	15	14			0	Matches
392	Olivier Ntcham	cm CMR	MF	Samsunspor	30-092	1996	17.1	3	0	0	18	18	1	11	9	4			0	Matches
393	Chibuike Nwaiwu	ng NGA	DF	Trabzonspor	22-293	2003	14.5	0	0	0	15	25	1	1	21	19			0	Matches
394	Anthony Nwakaeme	ng NGA	MF	Trabzonspor	37-052	1989	6.4	1	0	0	9	3	0	28	3	3			0	Matches
395	Prince Obeng Ampem	gh GHA	MF	Eyüpspor	28-029	1998	7.1	3	0	0	9	14	5	22	7	4			0	Matches
396	Uchenna Ogundu	ng NGA	FW	Alanyaspor	20-000	2006	10.9	3	0	0	12	15	3	2	4	3			0	Matches
397	Ahmet Oğuz	tr TUR	DF	Kocaelispor	33-116	1993	23.3	9	0	0	44	34	0	118	42	47			0	Matches
398	Kazeem Olaigbe	be BEL	MF	Konyaspor	23-130	2003	10.5	1	0	0	10	13	11	25	5	5			0	Matches
399	Kazeem Olaigbe	be BEL	MF	Trabzonspor	23-130	2003	12.1	0	0	0	13	18	6	28	2	7			0	Matches
400	Junior Olaitan	bj BEN	MF	Beşiktaş	24-003	2002	12.7	1	0	0	20	20	4	12	4	5			0	Matches
Rk	Player	Nation	Pos	Squad	Age	Born	90s	CrdY	CrdR	2CrdY	Fls	Fld	Off	Crs	Int	TklW	PKwon	PKcon	OG	Matches
401	Junior Olaitan	bj BEN	MF	Göztepe	24-003	2002	10.0	1	0	0	19	18	1	43	12	8			0	Matches
402	Ibrahim Olawoyin	ng NGA	MF	Rizespor	28-162	1997	21.8	3	0	0	38	54	4	20	17	24			0	Matches
403	Abdülkadir Ömür	tr TUR	MF	Antalyaspor	26-321	1999	13.7	2	0	0	11	9	0	30	8	20			0	Matches
404	André Onana	cm CMR	GK	Trabzonspor	30-040	1996	28.1	3	0	0	0	3	0	1	1	0			0	Matches
405	Jérôme Onguéné	cm CMR	DF	Eyüpspor	28-141	1997	8.6	3	0	0	8	0	1	0	8	6			1	Matches
406	Paul Onuachu	ng NGA	FW	Trabzonspor	31-349	1994	27.0	6	0	0	70	48	25	1	3	2			0	Matches
407	German Onugkha	ru RUS	FW	Kayserispor	29-310	1996	21.0	3	0	0	38	34	10	2	0	6			0	Matches
408	Samed Onur	tr TUR	MF	Gençlerbirliği	23-301	2002	6.8	3	0	0	14	21	1	30	10	8			0	Matches
409	Henry Onyekuru	ng NGA	MF	Gençlerbirliği	28-341	1997	3.5	1	0	0	5	7	5	1	4	2			0	Matches
410	Jayden Oosterwolde	nl NED	DF	Fenerbahçe	25-016	2001	28.7	12	1	1	39	24	2	15	28	28			0	Matches
411	Christopher Operi	ci CIV	DF	Başakşehir	29-013	1997	20.2	3	0	0	21	26	0	66	22	17			0	Matches
412	Aaron Opoku	de GER	DF,MF	Kayserispor	27-045	1999	13.7	3	0	0	16	7	2	47	8	5			1	Matches
413	Jerome Opoku	gh GHA	DF	Başakşehir	27-210	1998	29.4	10	0	0	52	40	0	6	35	16			1	Matches
414	Nicholas Opoku	gh GHA	DF	Kasımpaşa	28-185	1997	26.1	5	0	0	18	16	0	2	23	15			0	Matches
415	Furkan Orak		DF	Rizespor	24-349	2001	0.1	0	0	0	0	0	0	0	1	0			0	Matches
416	Emir Ortakaya	tr TUR	DF	Eyüpspor	21-324	2004	8.1	2	0	0	7	9	1	1	16	6			0	Matches
417	Emir Ortakaya	tr TUR	DF	Rizespor	21-324	2004	0.5	0	0	0	1	0	0	0	2	0			0	Matches
418	Victor Osimhen	ng NGA	FW	Galatasaray	27-134	1998	19.0	8	0	0	33	23	31	14	6	10			0	Matches
419	Sinan Osmanoğlu	tr TUR	DF	Gençlerbirliği	36-123	1990	0.8	0	0	0	0	1	0	0	2	3			0	Matches
420	Berkay Özcan	tr TUR	MF	Fatih Karagümrük	28-086	1998	25.3	1	0	0	22	33	0	42	16	14			0	Matches
421	Yasin Özcan	tr TUR	DF	Beşiktaş	20-022	2006	1.0	0	0	0	3	0	0	4	2	1			0	Matches
422	Ogün Özçiçek		MF	Gaziantep FK	27-108	1999	12.9	4	0	0	20	29	0	5	18	12			0	Matches
423	Berat Özdemir	tr TUR	MF,DF	Başakşehir	27-354	1998	10.2	2	0	0	7	10	0	3	14	10			0	Matches
424	Yusuf Özdemir	tr TUR	MF	Alanyaspor	25-122	2001	10.1	1	0	0	13	8	0	23	9	8			0	Matches
425	Berke Özer	tr TUR	GK	Eyüpspor	25-352	2000	1.0	0	0	0	0	0	0	0	0	0			0	Matches
Rk	Player	Nation	Pos	Squad	Age	Born	90s	CrdY	CrdR	2CrdY	Fls	Fld	Off	Crs	Int	TklW	PKwon	PKcon	OG	Matches
426	Serhat Öztaşdelen		GK	Kocaelispor	21-154	2004	6.0	0	0	0	0	2	0	0	0	0			0	Matches
427	Bahadır Öztürk	tr TUR	DF	Antalyaspor	30-223	1995	3.8	2	0	0	3	9	0	0	3	2			0	Matches
428	Arda Özyar		FW	Kocaelispor	19-026	2007	0.2	0	0	0	1	1	0	0	0	0			0	Matches
429	Bedirhan Özyurt		DF	Eyüpspor	23-048	2003	9.1	2	2	1	15	4	0	2	16	7			0	Matches
430	Kenneth Paal	sr SUR	DF,MF	Antalyaspor	28-322	1997	31.0	3	0	0	39	32	2	35	19	36			0	Matches
431	Mithat Pala	tr TUR	DF,MF	Rizespor	25-270	2000	20.7	1	0	0	26	42	1	54	24	29			0	Matches
432	Giannis Papanikolaou	gr GRE	MF	Rizespor	27-175	1998	20.0	6	1	0	31	19	1	2	24	33			0	Matches
433	Gabriel Paulista	br BRA	DF	Beşiktaş	35-167	1990	9.6	1	0	0	3	6	0	0	6	6			0	Matches
434	Pedrinho	br BRA	MF	Konyaspor	29-144	1996	7.5	0	0	0	7	17	0	39	4	10			0	Matches
435	Pedro Pereira	pt POR	DF	Gençlerbirliği	28-110	1998	28.1	11	0	0	47	22	2	52	25	34			1	Matches
436	Luis Pérez	es ESP	MF,DF	Gaziantep FK	31-097	1995	18.4	2	0	0	13	13	3	58	25	25			0	Matches
437	Bruno Petković	hr CRO	FW	Kocaelispor	31-238	1994	14.8	2	0	0	23	43	8	3	1	9			0	Matches
438	Frantzdy Pierrot	ht HAI	FW	Rizespor	31-044	1995	1.4	0	0	0	1	3	0	0	0	0			0	Matches
439	Wagner Pina	cv CPV	DF	Trabzonspor	23-190	2002	26.2	4	1	0	27	31	1	66	23	37			0	Matches
440	Lenny Pintor	fr FRA	MF,FW	Eyüpspor	25-280	2000	8.2	2	0	0	8	28	2	18	7	12			0	Matches
441	Onurcan Piri	tr TUR	GK	Kayserispor	31-226	1994	4.0	1	0	0	0	1	0	0	0	0			0	Matches
442	Daniel Popa	ro ROU	FW	Gençlerbirliği	31-302	1994	0.7	0	0	0	2	0	1	0	0	1			0	Matches
443	Denis Radu	ro ROU	MF,FW	Eyüpspor	23-048	2003	6.4	2	1	1	6	6	1	8	8	3			0	Matches
444	Jesurun Rak Sakyi	eng ENG	MF	Rizespor	23-219	2002	9.0	1	0	0	9	7	3	8	4	6			0	Matches
445	Milot Rashica	xk KVX	MF	Beşiktaş	29-318	1996	11.0	1	0	0	13	19	4	32	3	12			0	Matches
446	Rhaldney	br BRA	MF	Göztepe	27-173	1998	12.0	3	1	1	30	15	1	23	14	23			0	Matches
447	Rigoberto Rivas	hn HON	MF,FW	Kocaelispor	27-285	1998	12.1	3	0	0	25	9	4	38	11	8			0	Matches
448	Enzo Roco	cl CHI	DF	Fatih Karagümrük	33-269	1992	6.4	2	0	0	9	4	1	0	6	4			0	Matches
449	Kévin Rodrigues	pt POR	DF,MF	Gaziantep FK	32-068	1994	24.4	7	1	0	28	28	1	37	40	44			1	Matches
450	Dorin Rotariu	ro ROU	FW,MF	Eyüpspor	30-287	1995	0.8	0	0	0	0	0	0	1	1	1			0	Matches
Rk	Player	Nation	Pos	Squad	Age	Born	90s	CrdY	CrdR	2CrdY	Fls	Fld	Off	Crs	Int	TklW	PKwon	PKcon	OG	Matches
451	Ruan	br BRA	MF	Alanyaspor	21-009	2005	23.9	4	0	0	14	58	1	34	24	27			0	Matches
452	Ruan	br BRA	MF	Göztepe	30-348	1995	1.3	1	0	0	2	2	0	1	2	2			0	Matches
453	Serdar Saatçı	tr TUR	DF	Trabzonspor	23-087	2003	2.1	0	0	0	2	2	0	0	0	2			0	Matches
454	Ibrahim Sabra	jo JOR	FW	Göztepe	20-100	2006	1.0	1	0	0	5	1	0	2	0	0			0	Matches
455	Christ Sadia	ci CIV	MF	Eyüpspor	19-031	2007	0.2	0	0	0	0	1	1	0	0	0			0	Matches
456	Ramzi Safouri	il ISR	MF	Antalyaspor	30-203	1995	19.1	7	0	0	24	59	3	132	7	14			0	Matches
457	Ahmet Sagat	de GER	FW	Kocaelispor	29-350	1996	0.0	0	0	0	0	0	0	0	0	0			0	Matches
458	Görkem Sağlam	de GER	MF	Kayserispor	28-031	1998	2.2	2	0	0	4	5	0	5	0	3			0	Matches
459	Modibo Sagnan	ml MLI	DF	Rizespor	27-028	1999	15.6	6	0	0	31	7	2	0	23	22			0	Matches
460	Devrim Şahin		MF	Beşiktaş	19-041	2007	1.8	0	0	0	5	1	0	6	1	1			0	Matches
461	Samuel Sáiz	es ESP	FW,MF	Eyüpspor	35-110	1991	0.0	0	0	0	0	0	0	0	0	0			0	Matches
462	Roland Sallai	hu HUN	DF,MF	Galatasaray	28-355	1997	25.9	4	1	0	50	46	1	89	29	30			0	Matches
463	Davinson Sánchez	co COL	DF	Galatasaray	29-334	1996	26.9	6	1	0	38	29	1	4	23	35			0	Matches
464	Leroy Sané	de GER	MF	Galatasaray	30-121	1996	24.3	1	1	0	28	18	2	74	11	21			0	Matches
465	Nazim Sangaré	tr TUR	DF	Gaziantep FK	31-347	1994	11.7	4	1	0	15	23	0	4	40	25			0	Matches
466	Juan Santos	br BRA	FW	Göztepe	24-067	2002	27.6	5	1	1	40	30	23	27	8	16			0	Matches
467	Gabriel Sara	br BRA	MF	Galatasaray	26-320	1999	20.4	1	0	0	22	17	2	128	11	17			0	Matches
468	Veysel Sarı	tr TUR	DF	Antalyaspor	37-291	1988	21.4	4	0	0	23	29	3	1	22	28			1	Matches
469	Yusuf Sari	tr TUR	MF	Başakşehir	27-173	1998	16.2	1	0	0	12	18	3	133	5	5			0	Matches
470	Talha Sarıarslan	tr TUR	FW	Kayserispor	22-114	2004	1.8	1	0	0	0	3	2	0	1	3			0	Matches
471	Dario Šarić	ba BIH	MF	Antalyaspor	28-347	1997	15.5	2	0	0	19	55	3	18	11	23			0	Matches
472	Ľubomír Šatka	sk SVK	DF	Samsunspor	30-161	1995	23.5	1	0	0	15	2	0	4	21	20			1	Matches
473	Stefan Savić	me MNE	DF	Trabzonspor	35-124	1991	19.5	3	0	0	10	10	0	3	21	8			0	Matches
474	Gökhan Sazdağı	tr TUR	DF	Beşiktaş	31-234	1994	14.5	3	0	0	22	14	0	43	20	25			0	Matches
475	Gökhan Sazdağı	tr TUR	DF	Kayserispor	31-234	1994	3.0	2	0	0	7	1	0	8	2	3			0	Matches
Rk	Player	Nation	Pos	Squad	Age	Born	90s	CrdY	CrdR	2CrdY	Fls	Fld	Off	Crs	Int	TklW	PKwon	PKcon	OG	Matches
476	Davie Selke	de GER	FW	Başakşehir	31-112	1995	13.0	5	1	1	25	23	3	6	2	1			0	Matches
477	Nélson Semedo	pt POR	DF	Fenerbahçe	32-177	1993	21.2	7	0	0	20	28	0	41	29	32			0	Matches
478	Ahmet Şen	tr TUR	GK	Galatasaray	27-098	1999	0.3	0	0	0	0	0	0	0	0	0			0	Matches
479	Muhammed Şengezer	tr TUR	GK	Başakşehir	29-127	1997	32.0	0	0	0	0	7	0	0	0	0			0	Matches
480	Tarkan Serbest	tr TUR	MF	Kocaelispor	32-010	1994	2.7	0	0	0	2	3	0	0	3	0			0	Matches
481	Svit Sešlar	si SVN	MF,FW	Eyüpspor	24-123	2002	6.2	0	0	0	4	9	1	8	6	5			0	Matches
482	Eldor Shomurodov	uz UZB	MF,FW	Başakşehir	30-317	1995	31.4	0	0	0	20	18	8	18	3	15			0	Matches
483	Show	ao ANG	MF	Kocaelispor	27-067	1999	24.7	11	1	1	41	37	0	4	24	30			0	Matches
484	Danylo Sikan	ua UKR	MF	Trabzonspor	25-026	2001	2.7	2	0	0	12	7	0	3	1	3			0	Matches
485	Jota Silva	pt POR	MF	Beşiktaş	26-284	1999	6.0	1	0	0	13	14	4	9	6	1			0	Matches
486	Rafa Silva	pt POR	MF	Beşiktaş	32-360	1993	9.1	0	0	0	8	18	4	6	4	4			0	Matches
487	Wilfried Singo	ci CIV	DF	Galatasaray	25-138	2000	9.6	2	0	0	18	18	1	9	14	11			0	Matches
488	Doğukan Sınık	tr TUR	MF	Antalyaspor	27-111	1999	9.3	5	1	1	20	14	3	18	2	9			0	Matches
489	Guilherme Sityá	pt POR	DF,MF	Konyaspor	36-041	1990	20.6	3	0	0	17	8	1	104	24	21			0	Matches
490	Ahmet Sivri		MF,FW	Fatih Karagümrük	26-310	1999	3.3	0	0	0	14	3	0	7	4	2			0	Matches
491	Milan Škriniar	sk SVK	DF	Fenerbahçe	31-090	1995	23.5	6	0	0	29	24	1	2	15	20			0	Matches
492	Hrvoje Smolčić	hr CRO	DF	Kocaelispor	25-268	2000	23.7	2	0	0	41	14	2	22	33	22			0	Matches
493	Deian Sorescu	ro ROU	MF,DF	Gaziantep FK	28-256	1997	16.3	3	0	0	21	27	6	57	12	14			0	Matches
494	Afonso Sousa	pt POR	MF	Samsunspor	26-009	2000	1.9	1	0	0	0	3	0	9	1	2			0	Matches
495	Ali Sowe	gm GAM	FW	Rizespor	31-332	1994	24.4	2	0	0	37	38	8	2	2	4			1	Matches
496	Furkan Soyalp	tr TUR	MF	Kayserispor	30-334	1995	19.7	7	0	0	47	35	1	23	27	42			0	Matches
497	Çağlar Söyüncü	tr TUR	DF	Fenerbahçe	29-354	1996	8.1	0	0	0	15	8	0	3	6	11			0	Matches
498	Andraž Šporar	si SVN	FW	Alanyaspor	32-074	1994	1.8	0	0	0	4	4	0	1	0	1			0	Matches
499	Marius Ştefănescu	ro ROU	MF	Konyaspor	27-271	1998	1.9	0	0	0	5	2	1	16	0	2			0	Matches
500	Taras Stepanenko	ua UKR	MF	Eyüpspor	36-277	1989	5.9	3	0	0	10	6	0	1	7	12			0	Matches
Rk	Player	Nation	Pos	Squad	Age	Born	90s	CrdY	CrdR	2CrdY	Fls	Fld	Off	Crs	Int	TklW	PKwon	PKcon	OG	Matches
501	Nikola Storm	be BEL	MF,FW	Antalyaspor	31-224	1994	17.5	1	0	0	15	12	1	67	9	8			0	Matches
502	Sander van de Streek	nl NED	FW,MF	Antalyaspor	33-049	1993	25.0	5	1	1	47	27	13	20	20	15			0	Matches
503	Mahamadou Susoho	es ESP	MF	Kocaelispor	21-112	2005	4.7	0	0	0	7	8	0	2	5	7			0	Matches
504	Sander Svendsen	no NOR	MF,FW	Konyaspor	28-279	1997	3.1	0	0	0	2	2	2	2	1	1			0	Matches
505	Jonas Svensson	no NOR	DF	Beşiktaş	33-067	1993	3.8	1	0	0	11	8	0	3	10	8			0	Matches
506	Oleksandr Syrota	ua UKR	DF	Kocaelispor	25-335	2000	4.0	0	0	0	6	0	0	0	4	2			1	Matches
507	Attila Szalai	hu HUN	DF	Kasımpaşa	28-112	1998	12.9	1	0	0	14	4	0	3	14	12			0	Matches
508	Sebastian Szymański	pl POL	MF	Fenerbahçe	27-002	1999	5.0	0	0	0	5	9	2	27	2	6			0	Matches
509	Muhammet Taha Şahin		DF,MF	Rizespor	25-202	2000	19.9	4	0	0	16	23	0	94	22	18			0	Matches
510	Tayyib Talha Sanuç	tr TUR	DF	Beşiktaş	26-146	1999	0.0	0	0	0	0	0	0	0	0	0			0	Matches
511	Tayyib Talha Sanuç	tr TUR	DF	Gaziantep FK	26-146	1999	14.8	4	0	0	24	11	1	1	31	14			0	Matches
512	Talisca	br BRA	MF,FW	Fenerbahçe	32-100	1994	21.6	2	0	0	21	33	8	12	8	4			0	Matches
513	Emre Taşdemir	tr TUR	DF	Kasımpaşa	30-277	1995	0.6	0	0	0	0	2	0	3	1	0			0	Matches
514	Ilter Tashkin	az AZE	MF	Eyüpspor	31-311	1994	11.1	6	0	0	21	7	0	1	12	18			0	Matches
515	Ertuğrul Taşkıran	tr TUR	GK	Alanyaspor	36-188	1989	20.0	2	0	0	0	5	0	0	0	1			0	Matches
516	Elayis Tavsan	nl NED	MF,FW	Samsunspor	25-012	2001	8.1	1	0	0	17	10	1	34	3	15			0	Matches
517	Serkan Terzi	tr TUR	DF	Beşiktaş	22-127	2004	0.2	0	0	0	1	0	0	0	0	0			0	Matches
518	Dorukhan Toköz	tr TUR	MF,DF	Kayserispor	29-356	1996	14.1	5	1	0	34	27	0	5	21	16			0	Matches
519	Logi Tómasson	is ISL	DF	Samsunspor	25-241	2000	25.1	5	0	0	41	4	2	86	19	27			0	Matches
520	Franco Tongya	it ITA	MF	Gençlerbirliği	24-060	2002	24.2	6	1	0	45	36	8	12	10	26			0	Matches
521	Emir Topçu	tr TUR	DF	Beşiktaş	25-213	2000	18.3	9	0	0	29	17	1	16	28	25			0	Matches
522	Lucas Torreira	uy URU	MF	Galatasaray	30-090	1996	24.6	5	0	0	35	24	3	5	24	29			0	Matches
523	Ángel Torres	co COL	MF,FW	Eyüpspor	26-036	2000	6.1	0	0	0	9	9	3	7	4	6			0	Matches
524	Cenk Tosun	tr TUR	FW,MF	Fenerbahçe	34-339	1991	0.7	0	0	0	1	2	1	0	0	0			0	Matches
525	Cenk Tosun	tr TUR	FW	Kasımpaşa	34-339	1991	4.1	4	0	0	9	4	5	0	1	1			0	Matches
Rk	Player	Nation	Pos	Squad	Age	Born	90s	CrdY	CrdR	2CrdY	Fls	Fld	Off	Crs	Int	TklW	PKwon	PKcon	OG	Matches
526	Adama Traoré	ml MLI	MF,FW	Gençlerbirliği	30-341	1995	11.0	3	0	0	15	12	6	11	4	7			0	Matches
527	Ahmed Traore	ci CIV	MF	Fatih Karagümrük	19-029	2007	3.6	1	0	0	8	6	4	3	2	5			0	Matches
528	Indrit Tuci	al ALB	FW,MF	Kayserispor	25-240	2000	8.2	1	0	0	22	21	3	2	4	6			0	Matches
529	Ozan Tufan	tr TUR	MF,DF	Trabzonspor	31-050	1995	14.9	3	0	0	15	14	1	20	19	21			0	Matches
530	Muhammet Tunahan Taşçı	tr TUR	MF	Konyaspor	24-013	2002	2.5	1	0	0	3	5	0	11	0	3			0	Matches
531	Hüseyin Türkmen	tr TUR	DF	Antalyaspor	28-131	1998	14.9	0	0	0	11	8	0	5	31	10			0	Matches
532	Deniz Turuc	tr TUR	MF	Konyaspor	33-103	1993	11.5	8	0	0	14	14	2	80	4	11			0	Matches
533	Deniz Turuc	tr TUR	MF	Başakşehir	33-103	1993	5.3	2	0	0	7	6	1	37	3	4			0	Matches
534	Salih Uçan	tr TUR	MF	Beşiktaş	32-126	1994	5.7	3	0	0	14	6	0	5	11	14			0	Matches
535	Nikoloz Ugrekhelidze	ge GEO	DF	Fatih Karagümrük	22-270	2003	2.0	1	0	0	6	3	0	0	5	1			0	Matches
536	Hwang Ui-jo	kr KOR	MF,FW	Alanyaspor	33-257	1992	26.5	2	0	0	20	33	10	22	5	8			0	Matches
537	Oğulcan Ülgün	tr TUR	MF	Gençlerbirliği	28-001	1998	16.9	5	0	0	33	54	3	14	8	11			0	Matches
538	Talha Ulvan	be BEL	DF	Eyüpspor	25-022	2001	12.3	2	0	0	15	10	0	38	15	22			0	Matches
539	Cengiz Ünder	tr TUR	MF	Beşiktaş	28-302	1997	12.4	2	0	0	11	18	4	71	8	10			0	Matches
540	Cengiz Ünder	tr TUR	FW,MF	Fenerbahçe	28-302	1997	0.1	0	0	0	1	0	0	0	0	0			0	Matches
541	Arda Ünyay	tr TUR	DF	Galatasaray	19-114	2007	1.5	0	0	0	2	0	0	0	2	2			0	Matches
542	Cem Üstündag	at AUT	MF	Kasımpaşa	25-112	2001	10.4	2	0	0	19	14	0	12	7	13			0	Matches
543	Necip Uysal	tr TUR	MF	Beşiktaş	35-108	1991	0.9	1	0	0	4	1	0	0	5	0			0	Matches
544	Fıratcan Üzüm		DF,MF	Gençlerbirliği	26-342	1999	3.8	0	0	0	2	6	0	6	2	4			0	Matches
545	Dal Varesanovic	ba BIH	MF	Rizespor	24-354	2001	0.6	0	0	0	0	0	1	2	0	0			0	Matches
546	Dal Varesanovic	ba BIH	MF	Gençlerbirliği	24-354	2001	3.2	0	0	0	8	7	1	1	2	4			0	Matches
547	Devis Vásquez	co COL	GK	Beşiktaş	28-000	1998	1.0	0	0	0	0	0	0	0	0	0			0	Matches
548	Ricardo Velho	pt POR	GK	Gençlerbirliği	27-265	1998	22.0	0	0	0	0	7	0	0	0	1			0	Matches
549	Daniele Verde	it ITA	MF	Fatih Karagümrük	29-326	1996	5.4	0	0	0	2	7	0	26	7	0			0	Matches
550	Bruno Viana	br BRA	DF	Alanyaspor	31-096	1995	3.4	1	0	0	4	1	0	1	1	6			0	Matches
Rk	Player	Nation	Pos	Squad	Age	Born	90s	CrdY	CrdR	2CrdY	Fls	Fld	Off	Crs	Int	TklW	PKwon	PKcon	OG	Matches
551	Paulo Victor Vidotti	br BRA	GK	Alanyaspor	39-120	1987	13.0	3	0	0	0	6	0	0	0	0			0	Matches
552	Edin Višća	ba BIH	MF	Trabzonspor	36-084	1990	2.1	0	0	0	0	7	2	21	1	1			0	Matches
553	Güray Vural	tr TUR	MF,FW	Antalyaspor	37-335	1988	3.1	1	0	0	5	2	1	13	0	2			0	Matches
554	Mateusz Wieteska	pl POL	DF	Kocaelispor	29-090	1997	0.2	0	0	0	0	0	0	0	1	0			0	Matches
555	Cláudio Winck	br BRA	DF	Kasımpaşa	32-027	1994	25.6	6	0	0	39	37	3	66	22	37			0	Matches
556	Eren Yağmur		FW	Konyaspor	19-064	2007	0.1	0	0	0	2	0	0	0	0	1			0	Matches
557	Güven Yalçın	tr TUR	FW,MF	Alanyaspor	27-114	1999	11.0	2	0	0	26	16	5	8	5	0			0	Matches
558	Robin Yalçın	de GER	DF	Eyüpspor	32-107	1994	18.1	0	0	0	6	16	2	4	13	13			0	Matches
559	Samet Yalçın		MF	Kocaelispor	32-070	1994	3.0	0	1	0	3	0	1	2	4	4			0	Matches
560	Polat Yaldır	tr TUR	FW	Samsunspor	22-360	2003	1.0	0	0	0	4	3	1	3	2	1			0	Matches
561	Karahan Yasir Subaşı	tr TUR	DF,MF	Konyaspor	30-131	1996	4.7	0	0	0	4	1	0	3	10	5			0	Matches
562	Zeki Yavru	tr TUR	DF	Samsunspor	34-249	1991	21.5	3	0	0	20	15	1	150	25	23			0	Matches
563	Arda Yavuz		DF	Eyüpspor	19-357	2006	0.8	0	0	0	1	0	0	0	1	3			0	Matches
564	Batuhan Yavuz	tr TUR	DF	Alanyaspor	21-008	2005	0.0	0	0	0	0	0	0	0	0	0			0	Matches
565	Ali Yavuz Kol	tr TUR	MF	Kasımpaşa	25-103	2001	8.0	3	0	0	27	5	1	44	6	19			0	Matches
566	Uğurcan Yazgılı	tr TUR	DF	Konyaspor	27-033	1999	22.2	9	0	0	29	23	0	9	40	32			0	Matches
567	Erdoğan Yeşilyurt		DF,MF	Antalyaspor	32-187	1993	4.3	4	0	0	3	7	0	23	10	3			0	Matches
568	Abdullah Yiğiter		GK	Antalyaspor	26-099	2000	13.0	2	0	0	0	1	0	0	0	0			0	Matches
569	Bertuğ Yıldırım	tr TUR	FW	Başakşehir	23-304	2002	6.2	2	0	0	20	12	5	1	3	3			0	Matches
570	Ege Yıldırım		DF	Göztepe	19-024	2007	0.1	0	0	0	0	0	0	0	0	0			0	Matches
571	Engin Yıldırım	tr TUR	FW	Antalyaspor	21-117	2005	1.8	1	0	0	4	6	0	0	0	2			0	Matches
572	Berk Yıldızlı		FW	Kasımpaşa	20-327	2005	0.0	0	0	0	0	0	0	0	0	0			0	Matches
573	Jankat Yilmaz	tr TUR	GK	Eyüpspor	21-269	2004	13.0	3	0	0	1	2	0	0	0	0			0	Matches
574	Kartal Yılmaz	tr TUR	MF	Beşiktaş	25-189	2000	5.8	2	0	0	11	7	0	18	7	8			0	Matches
575	Mert Yilmaz	tr TUR	DF,MF	Antalyaspor	27-065	1999	0.2	1	0	0	1	1	0	0	0	0			0	Matches
Rk	Player	Nation	Pos	Squad	Age	Born	90s	CrdY	CrdR	2CrdY	Fls	Fld	Off	Crs	Int	TklW	PKwon	PKcon	OG	Matches
576	Rıdvan Yılmaz	tr TUR	DF	Beşiktaş	24-356	2001	23.0	4	0	0	10	35	3	73	22	30			0	Matches
577	Okay Yokuşlu	tr TUR	MF,DF	Trabzonspor	32-064	1994	9.9	1	1	0	16	18	0	4	7	5			1	Matches
578	İsmail Yüksek	tr TUR	MF	Fenerbahçe	27-106	1999	18.6	5	0	0	37	34	1	10	21	37			0	Matches
579	Celil Yüksel	tr TUR	MF	Samsunspor	28-131	1998	12.8	2	0	0	26	23	0	28	17	25			0	Matches
580	Esat Yusuf Narin		MF	Kocaelispor	19-051	2007	0.0	0	0	0	0	0	0	0	0	0			0	Matches
581	Nicolò Zaniolo	it ITA	FW,MF	Galatasaray	26-314	1999	0.6	0	0	0	1	0	0	1	0	0			0	Matches
582	Altin Zeqiri	xk KVX	MF,FW	Rizespor	25-298	2000	7.8	3	0	0	9	6	1	27	2	12			0	Matches
583	Oleksandr Zubkov	ua UKR	MF	Trabzonspor	29-282	1996	24.1	1	0	0	23	24	4	167	11	21			0	Matches
584	Žan Žužek	si SVN	DF,MF	Gençlerbirliği	29-106	1997	29.4	5	0	0	29	18	0	7	49	24			0	Matches
585	Mateusz Łęgowski	pl POL	MF,FW	Eyüpspor	23-103	2003	16.4	5	0	0	19	22	2	14	5	15			0	Matches
