	Playing Time	Starts	Subs	Team Success	
Rk	Player	Nation	Pos	Squad	Age	Born	MP	Min	Mn/MP	Min%	90s	Starts	Mn/Start	Compl	Subs	Mn/Sub	unSub	PPM	onG	onGA	+/-	+/-90	On-Off	Matches
1	Alp Abay		DF	Antalyaspor	20-001	2006	0					0		0	0		1							Matches
2	Myenty Abena	sr SUR	DF	Gaziantep FK	31-151	1994	23	1,836	80	61.8	20.4	20	85	17	3	44	4	1.09	27	40	-13	-0.64	-0.56	Matches
3	Tammy Abraham	eng ENG	FW	Beşiktaş	28-222	1997	18	1,247	69	42.0	13.9	15	78	5	3	24	0	1.78	22	17	+5	+0.36	-0.37	Matches
4	Yaw Ackah	gh GHA	MF	Kayserispor	26-345	1999	3	184	61	6.2	2.0	2	77	0	1	31	0	0.67	1	3	-2	-0.98	+0.12	Matches
5	Emmanuel Agbadou	ci CIV	DF	Beşiktaş	28-329	1997	12	1,001	83	33.7	11.1	11	90	11	1	11	1	1.67	16	11	+5	+0.45	-0.19	Matches
6	Dan Agyei	gh GHA	MF,FW	Kocaelispor	28-345	1997	30	2,052	68	69.1	22.8	22	85	8	8	24	1	1.10	20	24	-4	-0.18	+0.51	Matches
7	Youssef Aït Bennasser	ma MAR	MF,DF	Kayserispor	29-309	1996	21	1,468	70	49.4	16.3	19	74	9	2	32	0	0.95	8	28	-20	-1.23	-0.27	Matches
8	Samet Akaydın	tr TUR	DF	Rizespor	32-060	1994	29	2,566	88	86.4	28.5	29	88	24	0		0	1.28	38	41	-3	-0.11	+0.56	Matches
9	Emre Akbaba	tr TUR	MF,FW	Eyüpspor	33-220	1992	22	987	45	33.2	11.0	10	75	3	12	20	2	1.05	9	17	-8	-0.73	-0.41	Matches
10	Mehmet Akbal		MF	Gençlerbirliği	18-269	2007	0					0		0	0		1							Matches
11	Halil Akbunar	tr TUR	MF,FW	Eyüpspor	32-184	1993	12	507	42	17.1	5.6	6	57	0	6	27	3	0.67	4	10	-6	-1.07	-0.74	Matches
12	Yusuf Akçiçek	tr TUR	DF	Fenerbahçe	20-107	2006	1	90	90	3.0	1.0	1	90	1	0		0	1.00	0	0	0	0.00	-1.25	Matches
13	Ümit Akdag	ro ROU	DF	Alanyaspor	22-218	2003	30	2,621	87	88.2	29.1	30	87	26	0		0	1.07	33	36	-3	-0.10	-1.13	Matches
14	Cihan Akgün		DF	Galatasaray	16-285	2009	0					0		0	0		2							Matches
15	Tuğbey Akgün	tr TUR	MF	Fatih Karagümrük	23-033	2003	1	5	5	0.2	0.1	0		0	1	5	2	0.00	0	0	0	0.00	+0.73	Matches
16	Yunus Akgün	tr TUR	MF	Galatasaray	25-309	2000	28	1,813	65	61.0	20.1	23	76	7	5	11	2	2.32	50	16	+34	+1.69	+0.60	Matches
17	Gökhan Akkan	tr TUR	GK	Gençlerbirliği	31-131	1995	4	360	90	12.1	4.0	4	90	4	0		5	0.00	3	8	-5	-1.25	-0.94	Matches
18	Hamza Akman	tr TUR	MF	Eyüpspor	21-227	2004	0					0		0	0		4							Matches
19	Muhammet Akmelek		FW	Gaziantep FK	16-340	2009	1	13	13	0.4	0.1	0		0	1	13	10	0.00	0	1	-1	-6.92	-6.53	Matches
20	Fatih Aksoy	tr TUR	DF,MF	Alanyaspor	28-187	1997	18	840	47	28.3	9.3	9	85	7	9	9	14	1.26	11	15	-4	-0.43	-0.64	Matches
21	Adnan Aktas		DF	Kasımpaşa	19-183	2006	0					0		0	0		1							Matches
22	Kerem Aktürkoğlu	tr TUR	MF,FW	Fenerbahçe	27-203	1998	28	1,860	66	62.6	20.7	23	74	7	5	32	1	2.29	51	25	+26	+1.26	+0.12	Matches
23	Kaan Akyazi		FW	Konyaspor	20-258	2005	5	25	5	0.8	0.3	0		0	5	5	8	0.20	1	0	+1	+3.60	+3.81	Matches
24	Ufuk Akyol	de GER	MF	Konyaspor	28-258	1997	1	2	2	0.1	0.0	0		0	1	2	1	1.00	0	0	0	0.00	+0.18	Matches
25	Enes Albak	tr TUR	DF	Samsunspor	20-361	2005	2	6	3	0.2	0.1	0		0	2	3	11	1.50	1	2	-1	-15.00	-14.97	Matches
Rk	Player	Nation	Pos	Squad	Age	Born	MP	Min	Mn/MP	Min%	90s	Starts	Mn/Start	Compl	Subs	Mn/Sub	unSub	PPM	onG	onGA	+/-	+/-90	On-Off	Matches
26	Ege Albayrak		GK	Kasımpaşa	18-265	2007	0					0		0	0		1							Matches
27	Danijel Aleksić	rs SRB	MF	Konyaspor	35-012	1991	3	195	65	6.6	2.2	3	65	0	0		0	2.33	5	2	+3	+1.38	+1.68	Matches
28	Doğan Alemdar	tr TUR	GK	Başakşehir	23-195	2002	0					0		0	0		27							Matches
29	Ömer Ali Şahiner	tr TUR	DF	Başakşehir	34-130	1992	25	1,756	70	59.1	19.5	21	77	11	4	35	3	1.64	35	23	+12	+0.62	-0.13	Matches
30	Xusniddin Aliqulov	uz UZB	DF	Rizespor	27-038	1999	7	426	61	14.3	4.7	5	83	2	2	6	6	0.86	3	7	-4	-0.85	-0.77	Matches
31	Fidan Aliti	xk KVX	DF	Alanyaspor	32-221	1993	29	2,582	89	86.9	28.7	29	89	27	0		0	1.28	37	30	+7	+0.24	+1.64	Matches
32	İbrahim Alkış		GK	Gaziantep FK	20-131	2006	0					0		0	0		1							Matches
33	Jim Allevinah	ga GAB	MF	Kasımpaşa	31-074	1995	8	248	31	8.4	2.8	3	64	0	5	11	2	0.88	3	8	-5	-1.81	-1.42	Matches
34	Barış Alper Yılmaz	tr TUR	MF,FW	Galatasaray	25-354	2000	30	2,306	77	77.6	25.6	27	82	12	3	35	0	2.27	54	26	+28	+1.09	-1.62	Matches
35	Taha Altıkardeş	tr TUR	DF	Göztepe	22-263	2003	27	1,298	48	43.7	14.4	14	85	11	13	8	6	1.70	18	12	+6	+0.42	+0.04	Matches
36	Metehan Altunbaş	tr TUR	MF,FW	Eyüpspor	23-125	2003	17	939	55	31.6	10.4	11	76	1	6	18	6	1.18	16	12	+4	+0.38	+1.23	Matches
37	Edson Álvarez	mx MEX	MF	Fenerbahçe	28-200	1997	12	762	64	25.7	8.5	10	76	4	2	1	0	2.50	20	8	+12	+1.42	+0.28	Matches
38	Michael Amir Murillo	pa PAN	DF	Beşiktaş	30-090	1996	11	868	79	29.2	9.6	10	86	9	1	13	1	1.73	18	10	+8	+0.83	+0.36	Matches
39	Sofyan Amrabat	ma MAR	MF	Fenerbahçe	29-264	1996	2	97	49	3.3	1.1	1	90	1	1	7	1	2.00	0	0	0	0.00	-1.25	Matches
40	Charles André Raux	fr FRA	MF	Eyüpspor	24-178	2001	15	503	34	16.9	5.6	5	71	0	10	15	1	1.20	11	5	+6	+1.07	+1.84	Matches
41	Yhoan Andzouana	cg CGO	DF,MF	Konyaspor	29-150	1996	30	2,525	84	85.0	28.1	28	89	26	2	19	0	1.13	32	44	-12	-0.43	-1.64	Matches
42	Seyfettin Anıl Yaşar	tr TUR	DF	Eyüpspor	23-315	2002	5	355	71	12.0	3.9	4	85	2	1	14	5	0.60	3	7	-4	-1.01	-0.64	Matches
43	Seyfettin Anıl Yaşar	tr TUR	DF	Rizespor	23-315	2002	0					0		0	0		2							Matches
44	Taylan Antalyalı	tr TUR	MF	Rizespor	31-124	1995	27	1,216	45	40.9	13.5	14	75	4	13	13	3	1.33	20	21	-1	-0.07	+0.18	Matches
45	Alexis Antunes	ch SUI	MF	Göztepe	25-285	2000	12	616	51	20.7	6.8	7	68	0	5	28	0	1.25	10	8	+2	+0.29	-0.13	Matches
46	Aaron Appindangoyé	ga GAB	DF	Kocaelispor	34-081	1992	4	315	79	10.6	3.5	4	79	3	0		0	0.25	1	5	-4	-1.14	-0.91	Matches
47	Ege Araç	tr TUR	MF	Galatasaray	19-073	2007	0					0		0	0		1							Matches
48	Kagan Arican	tr TUR	GK	Antalyaspor	20-063	2006	0					0		0	0		12							Matches
49	Adam Arous	tn TUN	DF	Kasımpaşa	21-299	2004	20	1,580	79	53.2	17.6	18	87	15	2	6	8	1.15	18	26	-8	-0.46	+0.13	Matches
50	Keny Arroyo	ec ECU	MF	Beşiktaş	20-087	2006	0					0		0	0		1							Matches
Rk	Player	Nation	Pos	Squad	Age	Born	MP	Min	Mn/MP	Min%	90s	Starts	Mn/Start	Compl	Subs	Mn/Sub	unSub	PPM	onG	onGA	+/-	+/-90	On-Off	Matches
51	Marco Asensio	es ESP	MF	Fenerbahçe	30-111	1996	25	1,871	75	63.0	20.8	22	82	12	3	21	2	2.32	48	22	+26	+1.25	+0.10	Matches
52	Berkay Aslan	tr TUR	MF	Başakşehir	19-127	2007	0					0		0	0		3							Matches
53	Cemilhan Aslan		GK	Gaziantep FK	18-005	2008	0					0		0	0		5							Matches
54	Kristjan Asllani	al ALB	MF	Beşiktaş	24-064	2002	13	812	62	27.3	9.0	10	78	3	3	10	0	1.92	16	7	+9	+1.00	+0.58	Matches
55	Yaser Asprilla	co COL	MF	Galatasaray	22-174	2003	7	159	23	5.4	1.8	1	62	0	6	16	1	2.14	6	3	+3	+1.70	+0.26	Matches
56	Kouadou Assoumou	fr FRA	MF,FW	Samsunspor	23-207	2002	6	366	61	12.3	4.1	5	67	1	1	31	0	1.00	1	2	-1	-0.25	-0.21	Matches
57	Felipe Augusto	br BRA	MF,FW	Trabzonspor	22-083	2004	31	2,120	68	71.4	23.6	25	77	5	6	34	2	2.03	45	24	+21	+0.89	+0.47	Matches
58	Loide Augusto	ao ANG	MF,FW	Rizespor	26-075	2000	20	1,126	56	37.9	12.5	14	71	2	6	21	2	1.45	17	12	+5	+0.40	+0.94	Matches
59	Yakup Ayan			Rizespor	18-019	2008	0					0		0	0		6							Matches
60	Furkan Ayaz			Gençlerbirliği	16-223	2009	3	20	7	0.7	0.2	0		0	3	7	15	1.00	1	0	+1	+4.50	+4.96	Matches
61	Yiğit Aydar		DF	Gençlerbirliği	17-234	2008	0					0		0	0		5							Matches
62	Ebrar Aydın		GK	Gençlerbirliği	25-224	2000	0					0		0	0		4							Matches
63	Egemen Aydın	tr TUR	GK	Konyaspor	19-000	2007	0					0		0	0		2							Matches
64	Eyüp Aydın	tr TUR	MF	Samsunspor	21-283	2004	6	326	54	11.0	3.6	4	62	0	2	40	5	0.83	3	7	-4	-1.10	-1.17	Matches
65	Eyüp Aydın	tr TUR	MF	Kasımpaşa	21-283	2004	4	76	19	2.6	0.8	0		0	4	19	8	0.75	0	4	-4	-4.74	-4.33	Matches
66	Oğuz Aydın	tr TUR	MF,DF	Fenerbahçe	25-197	2000	20	561	28	18.9	6.2	4	75	1	16	16	13	2.25	17	5	+12	+1.93	+0.88	Matches
67	Taylan Aydın	tr TUR	DF	Kasımpaşa	20-091	2006	2	8	4	0.3	0.1	0		0	2	4	26	1.00	1	1	0	0.00	+0.52	Matches
68	Deni̇z Aydoğdu		MF	Eyüpspor	18-083	2008	0					0		0	0		1							Matches
69	Soner Aydoğdu	tr TUR	MF	Samsunspor	35-127	1991	8	105	13	3.5	1.2	0		0	8	13	3	1.25	2	3	-1	-0.86	-0.83	Matches
70	Kaan Ayhan	tr TUR	DF	Galatasaray	31-183	1994	18	304	17	10.2	3.4	1	90	1	17	13	11	2.72	12	2	+10	+2.96	+1.68	Matches
71	Ousseynou Ba	sn SEN	DF	Başakşehir	30-182	1995	16	1,004	63	33.8	11.2	9	90	8	7	28	12	1.38	15	14	+1	+0.09	-0.87	Matches
72	Mame Baba Thiam	sn SEN	FW,MF	Eyüpspor	33-215	1992	14	1,178	84	39.7	13.1	13	87	8	1	45	0	0.79	7	17	-10	-0.76	-0.51	Matches
73	Volkan Babacan	tr TUR	GK	Başakşehir	37-274	1988	0					0		0	0		6							Matches
74	Shavy Babicka	ga GAB	MF,FW	Fatih Karagümrük	25-345	2000	14	829	59	27.9	9.2	10	71	1	4	31	0	1.29	9	11	-2	-0.22	+0.71	Matches
75	Juninho Bacuna	cw CUW	MF	Gaziantep FK	28-278	1997	9	219	24	7.4	2.4	2	73	1	7	11	8	1.56	1	7	-6	-2.47	-2.20	Matches
Rk	Player	Nation	Pos	Squad	Age	Born	MP	Min	Mn/MP	Min%	90s	Starts	Mn/Start	Compl	Subs	Mn/Sub	unSub	PPM	onG	onGA	+/-	+/-90	On-Off	Matches
76	Bünyamin Balcı	tr TUR	DF	Antalyaspor	25-346	2000	32	2,259	71	76.1	25.1	24	84	14	8	31	0	0.81	23	40	-17	-0.68	+0.08	Matches
77	Jure Balkovec	si SVN	DF	Fatih Karagümrük	31-245	1994	17	1,511	89	50.9	16.8	17	89	14	0		0	0.47	14	32	-18	-1.07	-0.70	Matches
78	Samuel Ballet	ch SUI	MF,FW	Antalyaspor	25-061	2001	23	1,631	71	54.9	18.1	16	86	10	7	37	2	0.83	18	34	-16	-0.88	-0.41	Matches
79	Botond Balogh	hu HUN	DF	Kocaelispor	23-340	2002	21	1,657	79	55.8	18.4	18	87	15	3	32	1	1.24	14	23	-9	-0.49	-0.35	Matches
80	Çağrı Balta		FW	Galatasaray	17-362	2008	0					0		0	0		2							Matches
81	Metehan Baltacı	tr TUR	DF	Galatasaray	23-190	2002	2	26	13	0.9	0.3	0		0	2	13	10	3.00	2	0	+2	+6.92	+5.52	Matches
82	Rayyan Baniya		DF	Trabzonspor	27-083	1999	6	218	36	7.3	2.4	1	90	1	5	26	7	1.50	2	1	+1	+0.41	-0.37	Matches
83	Rayyan Baniya		DF	Konyaspor	27-083	1999	2	40	20	1.3	0.4	0		0	2	20	3	0.00	1	1	0	0.00	+0.18	Matches
84	Yusuf Barasi	tr TUR	MF	Kasımpaşa	23-042	2003	8	275	34	9.3	3.1	3	66	0	5	15	12	0.25	1	6	-5	-1.64	-1.24	Matches
85	Abdülkerim Bardakcı	tr TUR	DF	Galatasaray	31-247	1994	30	2,541	85	85.6	28.2	30	85	24	0		1	2.27	65	23	+42	+1.49	+0.23	Matches
86	Enis Bardhi	mk MKD	MF	Konyaspor	30-314	1995	32	2,052	64	69.1	22.8	23	77	3	9	31	0	1.22	35	36	-1	-0.04	+0.45	Matches
87	Boran Başkan	tr TUR	MF	Trabzonspor	20-044	2006	2	3	2	0.1	0.0	0		0	2	2	6	3.00	0	2	-2	-60.00	-60.82	Matches
88	Onur Başyiğit		DF	Gaziantep FK	21-334	2004	0					0		0	0		3							Matches
89	Arsenii Batahov	ua UKR	DF	Trabzonspor	24-068	2002	24	2,115	88	71.2	23.5	24	88	23	0		0	2.21	49	28	+21	+0.89	+0.47	Matches
90	Bilal Bayazit	nl NED	GK	Kayserispor	27-034	1999	28	2,520	90	84.8	28.0	28	90	28	0		3	0.82	18	49	-31	-1.11	-0.11	Matches
91	Furkan Bayır	tr TUR	DF	Göztepe	26-092	2000	9	338	38	11.4	3.8	4	79	3	5	5	12	1.89	6	3	+3	+0.80	+0.46	Matches
92	Ogün Bayrak		MF,DF	Göztepe	27-214	1998	15	549	37	18.5	6.1	7	68	2	8	9	10	1.53	6	7	-1	-0.16	-0.68	Matches
93	Riechedly Bazoer	cw CUW	DF	Konyaspor	29-212	1996	14	838	60	28.2	9.3	9	84	3	5	17	9	1.43	15	17	-2	-0.21	-0.05	Matches
94	Rodrigo Becão	br BRA	DF	Fenerbahçe	30-113	1996	1	7	7	0.2	0.1	0		0	1	7	9	3.00	1	0	+1	+12.86	+11.67	Matches
95	Rodrigo Becão	br BRA	DF	Kasımpaşa	30-113	1996	12	1,022	85	34.4	11.4	12	85	10	0		0	0.92	15	20	-5	-0.44	+0.11	Matches
96	Efkan Bekiroğlu		MF	Göztepe	30-240	1995	25	1,062	42	35.8	11.8	14	66	0	11	12	2	1.72	17	11	+6	+0.51	+0.18	Matches
97	Furkan Bekleviç	tr TUR	GK	Fatih Karagümrük	27-101	1999	1	90	90	3.0	1.0	1	90	1	0		27	3.00	1	0	+1	+1.00	+1.78	Matches
98	Mortadha Ben Ouanes	tn TUN	MF	Kasımpaşa	31-314	1994	27	2,261	84	76.1	25.1	26	87	17	1	4	0	1.11	28	30	-2	-0.08	+1.82	Matches
99	Adrian Benedyczak	pl POL	FW,MF	Kasımpaşa	25-169	2000	13	1,066	82	35.9	11.8	13	82	3	0		0	1.23	17	17	0	0.00	+0.80	Matches
100	László Bénes	sk SVK	MF	Kayserispor	28-245	1997	31	2,487	80	83.7	27.6	28	86	21	3	30	0	0.77	21	47	-26	-0.94	+0.92	Matches
Rk	Player	Nation	Pos	Squad	Age	Born	MP	Min	Mn/MP	Min%	90s	Starts	Mn/Start	Compl	Subs	Mn/Sub	unSub	PPM	onG	onGA	+/-	+/-90	On-Off	Matches
101	El Bilal Touré	ml MLI	MF,FW	Beşiktaş	24-221	2001	21	1,557	74	52.4	17.3	18	82	14	3	28	0	1.62	26	23	+3	+0.17	-0.85	Matches
102	Emre Bilgin	tr TUR	GK	Beşiktaş	22-075	2004	0					0		0	0		10							Matches
103	Ege Bilim			Kocaelispor	20-028	2006	0					0		0	0		6							Matches
104	Tayfur Bingöl	tr TUR	MF,FW	Kocaelispor	33-121	1993	29	2,076	72	69.9	23.1	23	81	10	6	37	0	1.28	18	22	-4	-0.17	+0.53	Matches
105	Davide Biraschi	it ITA	DF	Fatih Karagümrük	31-314	1994	13	1,054	81	35.5	11.7	13	81	11	0		0	1.15	10	15	-5	-0.43	+0.47	Matches
106	Engin Biterge		GK	Fenerbahçe	19-110	2007	0					0		0	0		3							Matches
107	Morten Bjørlo	no NOR	MF	Konyaspor	30-220	1995	28	1,335	48	44.9	14.8	14	76	7	14	19	4	1.29	20	22	-2	-0.13	+0.09	Matches
108	Emmanuel Boateng	gh GHA	FW	Gaziantep FK	29-354	1996	11	472	43	15.9	5.2	4	87	3	7	18	2	1.00	4	14	-10	-1.91	-1.76	Matches
109	Sacha Boey	fr FRA	DF	Galatasaray	25-241	2000	10	484	48	16.3	5.4	5	79	2	5	18	3	2.20	12	5	+7	+1.30	-0.18	Matches
110	Malcom Bokélé	cm CMR	DF	Göztepe	26-089	2000	29	2,558	88	86.1	28.4	29	88	25	0		0	1.72	39	23	+16	+0.56	+1.22	Matches
111	Yohan Boli	ci CIV	FW	Antalyaspor	32-176	1993	20	859	43	28.9	9.5	8	90	7	12	12	9	0.75	7	20	-13	-1.36	-0.94	Matches
112	Toni Borevkovic	hr CRO	DF	Samsunspor	28-328	1997	18	1,139	63	38.4	12.7	10	90	10	8	30	12	1.33	15	21	-6	-0.47	-0.67	Matches
113	Arif Boşluk		DF	Trabzonspor	22-340	2003	13	370	28	12.5	4.1	2	77	1	11	20	4	1.92	7	10	-3	-0.73	-1.70	Matches
114	Arif Boşluk		DF	Konyaspor	22-340	2003	11	682	62	23.0	7.6	8	80	3	3	15	5	1.36	8	11	-3	-0.40	-0.28	Matches
115	Melih Bostan	tr TUR	FW	Konyaspor	22-034	2004	10	120	12	4.0	1.3	0		0	10	12	8	0.60	2	2	0	0.00	+0.19	Matches
116	Salem Bouajila	fi FIN	FW	Göztepe	18-284	2007	4	17	4	0.6	0.2	0		0	4	4	5	0.75	0	1	-1	-5.29	-5.72	Matches
117	Benjamin Bouchouari	ma MAR	MF	Trabzonspor	24-180	2001	16	530	33	17.8	5.9	5	73	2	11	15	5	2.00	12	9	+3	+0.51	-0.30	Matches
118	Umut Bozok	tr TUR	FW	Eyüpspor	29-235	1996	31	2,012	65	67.7	22.4	22	85	14	9	15	1	1.00	24	29	-5	-0.22	+0.72	Matches
119	Joshua Brenet	cw CUW	DF,MF	Kayserispor	32-053	1994	10	708	71	23.8	7.9	8	83	7	2	23	3	0.80	5	11	-6	-0.76	+0.43	Matches
120	Ivan Brnić	hr CRO	MF	Başakşehir	24-262	2001	27	914	34	30.8	10.2	7	66	2	20	23	6	1.78	19	9	+10	+0.98	+0.46	Matches
121	Archie Brown	eng ENG	DF,MF	Fenerbahçe	23-349	2002	24	1,471	61	49.5	16.3	16	81	9	8	23	2	2.17	35	12	+23	+1.41	+0.39	Matches
122	İsmail Buğa		MF	Konyaspor	19-277	2006	3	24	8	0.8	0.3	0		0	3	8	9	0.33	1	0	+1	+3.75	+3.96	Matches
123	Ensar Bugra Tivsiz	tr TUR	DF	Antalyaspor	18-335	2007	0					0		0	0		9							Matches
124	Tahsin Bülbül		MF	Samsunspor	19-337	2006	3	84	28	2.8	0.9	1	64	0	2	10	5	1.00	1	1	0	0.00	+0.06	Matches
125	Kuzey Bulgulu			Gaziantep FK	17-170	2008	0					0		0	0		4							Matches
Rk	Player	Nation	Pos	Squad	Age	Born	MP	Min	Mn/MP	Min%	90s	Starts	Mn/Start	Compl	Subs	Mn/Sub	unSub	PPM	onG	onGA	+/-	+/-90	On-Off	Matches
126	Muhamed Buljubasic	ba BIH	MF	Rizespor	21-312	2004	22	791	36	26.6	8.8	7	79	2	15	16	11	1.32	14	14	0	0.00	+0.25	Matches
127	Buluthan Bulut		MF	Alanyaspor	23-295	2002	0					0		0	0		4							Matches
128	Emrecan Bulut		MF,FW	Rizespor	24-106	2002	18	585	33	19.7	6.5	6	66	1	12	16	13	0.83	11	12	-1	-0.15	+0.03	Matches
129	Onur Bulut	tr TUR	DF	Başakşehir	32-026	1994	17	969	57	32.6	10.8	9	81	7	8	30	12	1.88	21	11	+10	+0.93	+0.39	Matches
130	Taylan Bulut	de GER	DF	Beşiktaş	20-113	2006	7	445	64	15.0	4.9	5	88	4	2	4	13	2.14	8	2	+6	+1.21	+0.75	Matches
131	Abdulsamet Burak		DF	Kayserispor	29-364	1996	8	375	47	12.6	4.2	5	63	0	3	21	4	1.00	0	7	-7	-1.68	-0.67	Matches
132	Mustafa Burak Bozan		GK	Gaziantep FK	25-262	2000	13	1,143	88	38.5	12.7	13	88	12	0		17	1.62	21	22	-1	-0.08	+0.56	Matches
133	Cafú	pt POR	MF	Kasımpaşa	33-075	1993	24	1,236	52	41.6	13.7	14	73	5	10	21	1	1.00	15	22	-7	-0.51	+0.01	Matches
134	Arda Çağan Çelik		FW	Gençlerbirliği	21-044	2005	0					0		0	0		7							Matches
135	Oğulcan Çağlayan	tr TUR	FW	Kocaelispor	30-051	1996	4	196	49	6.6	2.2	2	54	0	2	45	0	0.25	1	2	-1	-0.46	-0.13	Matches
136	Uğurcan Çakır	tr TUR	GK	Galatasaray	30-037	1996	25	2,250	90	75.8	25.0	25	90	25	0		1	2.24	53	21	+32	+1.28	-0.72	Matches
137	Uğurcan Çakır	tr TUR	GK	Trabzonspor	30-037	1996	4	360	90	12.1	4.0	4	90	4	0		0	2.50	4	1	+3	+0.75	-0.01	Matches
138	Onuralp Çakiroğlu	tr TUR	FW	Trabzonspor	18-158	2007	1	1	1	0.0	0.0	0		0	1	1	17	3.00	0	0	0	0.00	-0.76	Matches
139	Lucas Calegari	br BRA	DF,MF	Eyüpspor	24-074	2002	21	1,528	73	51.4	17.0	18	83	9	3	13	2	0.95	16	14	+2	+0.12	+1.18	Matches
140	Josip Čalušić	hr CRO	DF	Konyaspor	32-213	1993	8	298	37	10.0	3.3	2	83	1	6	22	9	1.13	2	11	-9	-2.72	-2.82	Matches
141	João Pedro Gomes Camacho	pt POR	MF	Fatih Karagümrük	31-323	1994	8	319	40	10.7	3.5	3	49	0	5	34	0	0.50	2	10	-8	-2.26	-1.71	Matches
142	Drissa Camara	ci CIV	MF	Gaziantep FK	24-083	2002	26	1,732	67	58.3	19.2	21	77	7	5	21	0	1.15	26	31	-5	-0.26	+0.39	Matches
143	İrfan Can Eğribayat	tr TUR	GK	Samsunspor	27-316	1998	3	270	90	9.1	3.0	3	90	3	0		7	2.00	6	6	0	0.00	+0.07	Matches
144	İrfan Can Eğribayat	tr TUR	GK	Fenerbahçe	27-316	1998	3	270	90	9.1	3.0	3	90	3	0		8	1.67	5	3	+2	+0.67	-0.60	Matches
145	Mesut Can Tunalı		MF	Kocaelispor	24-308	2001	1	45	45	1.5	0.5	0		0	1	45	2	0.00	0	1	-1	-2.00	-1.69	Matches
146	Cihan Çanak	tr TUR	MF	Gençlerbirliği	21-108	2005	13	378	29	12.7	4.2	1	82	0	12	25	0	0.85	4	2	+2	+0.48	+1.03	Matches
147	Cihan Çanak	tr TUR	MF	Trabzonspor	21-108	2005	4	42	11	1.4	0.5	0		0	4	11	7	1.75	2	1	+1	+2.14	+1.41	Matches
148	Atakan Çankaya	tr TUR	DF	Fatih Karagümrük	27-321	1998	17	1,530	90	51.5	17.0	17	90	17	0		0	0.53	14	32	-18	-1.06	-0.68	Matches
149	Erdem Canpolat	de GER	GK	Rizespor	25-029	2001	7	630	90	21.2	7.0	7	90	7	0		25	0.63	5	11	-6	-0.86	-0.86	Matches
150	Bayram Çapoğlu		MF	Rizespor	17-288	2008	0					0		0	0		3							Matches
Rk	Player	Nation	Pos	Squad	Age	Born	MP	Min	Mn/MP	Min%	90s	Starts	Mn/Start	Compl	Subs	Mn/Sub	unSub	PPM	onG	onGA	+/-	+/-90	On-Off	Matches
151	Miguel Filipe Nunes Cardoso	pt POR	MF,FW	Kayserispor	31-327	1994	32	2,852	89	96.0	31.7	32	89	28	0		0	0.75	22	58	-36	-1.14	-1.14	Matches
152	Lionel Carole	fr FRA	DF	Kayserispor	35-030	1991	23	1,810	79	60.9	20.1	22	82	18	1	14	1	0.87	17	41	-24	-1.19	-0.26	Matches
153	Ebrima Ceesay	gm GAM	FW	Samsunspor	19-345	2006	1	8	8	0.3	0.1	0		0	1	8	1	3.00	0	1	-1	-11.25	-11.22	Matches
154	Jesper Ceesay	gm GAM	MF	Antalyaspor	24-204	2001	30	2,098	70	70.6	23.3	21	88	18	9	29	1	0.77	20	39	-19	-0.82	-0.40	Matches
155	Cihat Çelik	nl NED	MF	Kocaelispor	30-130	1996	2	13	7	0.4	0.1	0		0	2	7	2	0.00	0	0	0	0.00	+0.33	Matches
156	İzzet Çelik	tr TUR	MF	Alanyaspor	21-326	2004	12	156	13	5.3	1.7	0		0	12	13	12	1.17	5	4	+1	+0.58	+0.58	Matches
157	Yiğit Çeltik	tr TUR	MF	Kayserispor	23-035	2003	1	19	19	0.6	0.2	0		0	1	19	7	0.00	0	0	0	0.00	+1.10	Matches
158	Václav Černý	cz CZE	MF	Beşiktaş	28-207	1997	29	1,946	67	65.5	21.6	25	75	3	4	21	0	1.72	36	24	+12	+0.55	-0.06	Matches
159	Bedirhan Çetin	tr TUR	DF	Samsunspor	19-317	2006	0					0		0	0		2							Matches
160	Tarık Çetin	tr TUR	GK	Fenerbahçe	29-124	1997	2	180	90	6.1	2.0	2	90	2	0		19	2.00	2	1	+1	+0.50	-0.76	Matches
161	Erdem Çetinkaya	tr TUR	FW	Kasımpaşa	25-044	2001	0					0		0	0		1							Matches
162	Onuralp Çevikkan	tr TUR	GK	Trabzonspor	20-130	2006	0					0		0	0		27							Matches
163	Ömer Ceyhan		DF	Eyüpspor	18-263	2007	0					0		0	0		4							Matches
164	Deniz Ceylan		DF	Kocaelispor	17-195	2008	0					0		0	0		8							Matches
165	Fyodor Chalov	ru RUS	FW,MF	Kayserispor	28-032	1998	13	770	59	25.9	8.6	8	75	2	5	34	0	0.92	5	14	-9	-1.05	+0.05	Matches
166	Muhammed Cham	at AUT	MF	Trabzonspor	25-228	2000	1	5	5	0.2	0.1	0		0	1	5	2	3.00	0	0	0	0.00	-0.76	Matches
167	Sidiki Cherif	fr FRA	FW	Fenerbahçe	19-148	2006	12	647	54	21.8	7.2	7	79	4	5	19	1	2.00	11	12	-1	-0.14	-1.73	Matches
168	Amine Cherni	tn TUN	MF	Göztepe	24-309	2001	33	2,911	88	98.0	32.3	33	88	22	0		0	1.67	41	28	+13	+0.40	+0.40	Matches
169	Darko Churlinov	mk MKD	MF,FW	Kocaelispor	25-305	2000	25	996	40	33.5	11.1	11	65	1	14	20	1	1.12	13	11	+2	+0.18	+0.77	Matches
170	Kayra Cihan	tr TUR	DF	Kayserispor	18-224	2007	4	96	24	3.2	1.1	1	45	0	3	17	9	0.75	2	5	-3	-2.81	-1.78	Matches
171	Mirza Cihan		FW	Gaziantep FK	25-198	2000	3	25	8	0.8	0.3	0		0	3	8	1	1.00	0	1	-1	-3.60	-3.20	Matches
172	Muharrem Cinan		DF	Kocaelispor	27-364	1998	10	404	40	13.6	4.5	4	84	3	6	11	19	1.20	3	7	-4	-0.89	-0.65	Matches
173	Anıl Çınar		DF	Fatih Karagümrük	22-306	2003	15	1,013	68	34.1	11.3	10	90	8	5	23	17	1.00	11	17	-6	-0.53	+0.29	Matches
174	Ramazan Civelek	tr TUR	DF,MF	Kayserispor	30-110	1996	30	2,141	71	72.1	23.8	25	78	10	5	39	1	0.77	18	41	-23	-0.97	+0.44	Matches
175	Luccas Claro	br BRA	DF	Eyüpspor	34-222	1991	16	1,327	83	44.7	14.7	15	86	14	1	36	5	1.13	17	19	-2	-0.14	+0.58	Matches
Rk	Player	Nation	Pos	Squad	Age	Born	MP	Min	Mn/MP	Min%	90s	Starts	Mn/Start	Compl	Subs	Mn/Sub	unSub	PPM	onG	onGA	+/-	+/-90	On-Off	Matches
176	Emir Çoban		DF	Rizespor	18-011	2008	0					0		0	0		1							Matches
177	Omer Çobanoglu		MF	Konyaspor	18-312	2007	0					0		0	0		1							Matches
178	Kamil Çörekçi	tr TUR	DF	Kasımpaşa	34-100	1992	8	673	84	22.7	7.5	8	84	4	0		3	1.00	9	10	-1	-0.13	+0.49	Matches
179	Nuno da Costa	cv CPV	MF,FW	Başakşehir	35-091	1991	25	841	34	28.3	9.3	8	66	0	17	18	7	1.48	14	13	+1	+0.11	-0.78	Matches
180	Tanguy Coulibaly	fr FRA	MF	Samsunspor	25-083	2001	12	651	54	21.9	7.2	8	71	0	4	21	1	2.00	17	10	+7	+0.97	+1.32	Matches
181	Crespo	pt POR	MF	Başakşehir	29-243	1996	18	1,041	58	35.1	11.6	11	77	2	7	27	10	1.44	14	11	+3	+0.26	-0.63	Matches
182	Kevin Csoboth	hu HUN	FW	Gençlerbirliği	25-326	2000	5	50	10	1.7	0.6	0		0	5	10	5	1.40	0	1	-1	-1.80	-1.40	Matches
183	Yiğithan Çubukcu		MF	Trabzonspor	17-245	2008	0					0		0	0		1							Matches
184	Julián Cuesta	es ESP	GK	Antalyaspor	35-045	1991	20	1,800	90	60.6	20.0	20	90	20	0		2	0.75	19	34	-15	-0.75	-0.13	Matches
185	Tiago Çukur	tr TUR	FW,MF	Fatih Karagümrük	23-163	2002	28	1,543	55	52.0	17.1	15	80	10	13	26	1	0.79	17	27	-10	-0.58	+0.30	Matches
186	Tomáš Čvančara	cz CZE	FW	Antalyaspor	25-272	2000	11	525	48	17.7	5.8	6	76	0	5	14	2	1.27	5	11	-6	-1.03	-0.40	Matches
187	Mehmet Dadakdeniz	tr TUR	GK	Antalyaspor	26-280	1999	0					0		0	0		1							Matches
188	Ahmet Dağbaşı		DF	Kasımpaşa	21-041	2005	0					0		0	0		1							Matches
189	Ahmet Dağdevir		MF	Konyaspor	19-131	2007	0					0		0	0		1							Matches
190	Bünyamin Dalkılıç		FW	Kocaelispor	20-036	2006	0					0		0	0		2							Matches
191	David Datro Fofana	ci CIV	FW	Fatih Karagümrük	23-141	2002	13	982	76	33.1	10.9	10	89	7	3	31	0	0.46	11	20	-9	-0.82	-0.15	Matches
192	Sergio Antonio De Luiz Junior	br BRA	MF,FW	Fatih Karagümrük	31-036	1995	32	2,180	68	73.4	24.2	26	76	6	6	32	1	0.84	19	39	-20	-0.83	-0.37	Matches
193	Gökhan Değirmenci	tr TUR	GK	Kocaelispor	37-052	1989	10	855	86	28.8	9.5	9	90	9	1	45	22	0.91	8	17	-9	-0.95	-0.86	Matches
194	Tom Dele-Bashiru	ng NGA	MF	Gençlerbirliği	26-237	1999	27	2,270	84	76.4	25.2	25	89	21	2	23	1	1.15	28	37	-9	-0.36	+0.29	Matches
195	Dilhan Demir	de GER	MF	Gençlerbirliği	22-318	2003	6	102	17	3.4	1.1	1	59	0	5	9	8	1.00	0	2	-2	-1.76	-1.39	Matches
196	Mete-Kaan Demir	tr TUR	FW	Eyüpspor	27-364	1998	1	1	1	0.0	0.0	0		0	1	1	1	0.00	0	0	0	0.00	+0.45	Matches
197	Yusuf Demir	at AUT	MF	Galatasaray	22-344	2003	1	29	29	1.0	0.3	0		0	1	29	11	3.00	0	1	-1	-3.10	-4.60	Matches
198	Adil Demirbağ	tr TUR	DF	Konyaspor	28-153	1997	24	2,085	87	70.2	23.2	24	87	21	0		0	1.38	34	31	+3	+0.13	+1.04	Matches
199	Kerem Demirbay	de GER	MF	Kasımpaşa	32-313	1993	10	672	67	22.6	7.5	8	84	2	2	1	0	1.20	11	13	-2	-0.27	+0.32	Matches
200	Kerem Demirbay	de GER	MF	Eyüpspor	32-313	1993	16	1,410	88	47.5	15.7	16	88	10	0		0	0.75	8	22	-14	-0.89	-0.84	Matches
Rk	Player	Nation	Pos	Squad	Age	Born	MP	Min	Mn/MP	Min%	90s	Starts	Mn/Start	Compl	Subs	Mn/Sub	unSub	PPM	onG	onGA	+/-	+/-90	On-Off	Matches
201	Ali Demirbilek	tr TUR	FW	Antalyaspor	17-127	2009	1	1	1	0.0	0.0	0		0	1	1	7	3.00	0	0	0	0.00	+0.70	Matches
202	Alper Demirol	se SWE	MF	Fatih Karagümrük	23-223	2002	3	72	24	2.4	0.8	1	61	0	2	6	7	1.00	1	1	0	0.00	+0.75	Matches
203	Turan Deniz Tuncer		DF	Trabzonspor	19-124	2007	0					0		0	0		1							Matches
204	Anthony Dennis	ng NGA	MF	Göztepe	21-325	2004	30	2,389	80	80.4	26.5	28	82	13	2	45	0	1.70	36	22	+14	+0.53	+0.68	Matches
205	Stefano Denswil	sr SUR	DF	Kayserispor	33-005	1993	31	2,721	88	91.6	30.2	31	88	29	0		1	0.87	22	54	-32	-1.06	+0.39	Matches
206	Halil Dervişoğlu	tr TUR	FW	Rizespor	26-155	1999	20	855	43	28.8	9.5	7	76	0	13	25	6	1.10	11	12	-1	-0.11	+0.11	Matches
207	Ersin Destanoğlu	tr TUR	GK	Beşiktaş	25-131	2001	24	2,160	90	72.7	24.0	24	90	24	0		8	1.88	44	27	+17	+0.71	+0.49	Matches
208	Ali Diabaté	ci CIV	DF	Samsunspor	19-158	2006	5	151	30	5.1	1.7	2	73	1	3	2	10	1.60	3	2	+1	+0.60	+0.69	Matches
209	Fousseni Diabaté	ml MLI	MF	Kasımpaşa	30-206	1995	26	1,891	73	63.7	21.0	20	85	8	6	31	1	1.08	20	29	-9	-0.43	+0.24	Matches
210	Ousmane Dıabate	gn GUI	MF	Gençlerbirliği	18-230	2007	3	182	61	6.1	2.0	2	90	2	1	2	5	2.00	1	1	0	0.00	+0.45	Matches
211	Anfernee Dijksteel	sr SUR	DF	Kocaelispor	29-197	1996	31	2,599	84	87.5	28.9	27	90	26	4	44	2	1.06	23	35	-12	-0.42	-0.66	Matches
212	Soner Dikmen	tr TUR	MF	Antalyaspor	32-253	1993	27	2,058	76	69.3	22.9	24	80	12	3	45	4	1.04	21	33	-12	-0.52	+0.56	Matches
213	Deniz Dilmen	tr TUR	GK	Başakşehir	20-341	2005	1	90	90	3.0	1.0	1	90	1	0		1	1.00	0	0	0	0.00	-0.69	Matches
214	Landry Dimata	be BEL	MF,FW	Samsunspor	28-253	1997	2	130	65	4.4	1.4	2	65	0	0		1	3.00	1	0	+1	+0.69	+0.79	Matches
215	Sokratis Dioudis	gr GRE	GK	Gaziantep FK	33-098	1993	1	24	24	0.8	0.3	0		0	1	24	0	0.00	0	0	0	0.00	+0.43	Matches
216	Novatus Dismas	tz TAN	MF	Göztepe	23-252	2002	31	2,166	70	72.9	24.1	23	85	15	8	27	0	1.58	25	24	+1	+0.04	-1.30	Matches
217	Tiago Djaló	pt POR	DF	Beşiktaş	26-033	2000	18	1,464	81	49.3	16.3	16	89	15	2	18	9	1.94	32	21	+11	+0.68	+0.20	Matches
218	Alexander Djiku	gh GHA	DF,MF	Fenerbahçe	31-276	1994	1	1	1	0.0	0.0	0		0	1	1	1	3.00	0	0	0	0.00	-1.21	Matches
219	Efe Doğan		GK	Rizespor	21-265	2004	0					0		0	0		12							Matches
220	Eren Doğan		MF	Konyaspor	17-186	2008	0					0		0	0		1							Matches
221	Ahmet Doğan Yıldırım		GK	Trabzonspor	19-192	2006	1	84	84	2.8	0.9	0		0	1	84	22	3.00	2	1	+1	+1.07	+0.32	Matches
222	Semih Doğanay		DF	Alanyaspor	19-095	2007	0					0		0	0		3							Matches
223	Marius Doh	ci CIV	MF	Fatih Karagümrük	22-146	2003	17	1,013	60	34.1	11.3	12	76	4	5	21	0	0.35	7	22	-15	-1.33	-0.92	Matches
224	Deniz Donmezer		GK	Kayserispor	17-233	2008	1	90	90	3.0	1.0	1	90	1	0		4	0.00	1	2	-1	-1.00	+0.09	Matches
225	Nene Dorgeles	ml MLI	MF	Fenerbahçe	23-140	2002	25	1,464	59	49.3	16.3	16	76	6	9	27	2	2.20	37	16	+21	+1.29	+0.16	Matches
Rk	Player	Nation	Pos	Squad	Age	Born	MP	Min	Mn/MP	Min%	90s	Starts	Mn/Start	Compl	Subs	Mn/Sub	unSub	PPM	onG	onGA	+/-	+/-90	On-Off	Matches
226	Denis Drăguș	ro ROU	FW	Gaziantep FK	26-310	1999	11	330	30	11.1	3.7	3	63	1	8	18	0	0.82	2	4	-2	-0.55	-0.14	Matches
227	Denis Drăguș	ro ROU	MF,FW	Eyüpspor	26-310	1999	12	873	73	29.4	9.7	10	80	3	2	36	1	0.83	7	15	-8	-0.82	-0.52	Matches
228	Rick van Drongelen	nl NED	DF	Samsunspor	27-143	1998	31	2,733	88	92.0	30.4	30	90	29	1	34	0	1.42	38	43	-5	-0.16	-1.30	Matches
229	Léo Duarte	br BRA	DF	Başakşehir	29-299	1996	26	2,303	89	77.5	25.6	26	89	24	0		0	1.77	46	28	+18	+0.70	+0.16	Matches
230	Tibet Durakçay		FW	Göztepe	20-100	2006	1	1	1	0.0	0.0	0		0	1	1	4	3.00	0	0	0	0.00	-0.39	Matches
231	Jáder Durán	co COL	FW	Fenerbahçe	22-150	2003	10	542	54	18.2	6.0	6	71	1	4	29	2	2.20	15	3	+12	+1.99	+0.95	Matches
232	Abdurrahim Dursun	tr TUR	DF,MF	Gençlerbirliği	27-162	1998	16	657	41	22.1	7.3	7	74	1	9	15	12	0.75	6	11	-5	-0.68	-0.33	Matches
233	Serdar Dursun	tr TUR	FW	Kocaelispor	34-205	1991	27	1,504	56	50.6	16.7	16	83	9	11	16	1	1.22	14	13	+1	+0.06	+0.80	Matches
234	Georgi Dzhikiya	ru RUS	DF	Antalyaspor	32-172	1993	15	1,154	77	38.9	12.8	13	81	10	2	49	13	0.93	12	23	-11	-0.86	-0.26	Matches
235	Festy Ebosele	ie IRL	DF	Başakşehir	23-283	2002	14	688	49	23.2	7.6	9	64	4	5	23	5	1.00	9	7	+2	+0.26	-0.53	Matches
236	Ederson	br BRA	GK	Fenerbahçe	32-268	1993	24	2,131	89	71.8	23.7	24	89	23	0		0	2.29	58	24	+34	+1.44	+0.79	Matches
237	Yiğit Efe Demir	tr TUR	DF	Fenerbahçe	21-283	2004	13	633	49	21.3	7.0	5	81	4	8	29	12	2.15	15	8	+7	+1.00	-0.28	Matches
238	Demir Ege Tıknaz	tr TUR	MF	Beşiktaş	21-268	2004	10	316	32	10.6	3.5	2	90	1	8	17	1	2.00	4	6	-2	-0.57	-1.28	Matches
239	Alaettin Ekici		FW	Fenerbahçe	17-131	2009	0					0		0	0		6							Matches
240	Meschak Elia	cd COD	MF,FW	Alanyaspor	28-279	1997	21	729	35	24.5	8.1	7	69	0	14	18	3	0.95	10	12	-2	-0.25	-0.37	Matches
241	Eren Elmalı	tr TUR	DF,MF	Galatasaray	25-309	2000	24	1,436	60	48.4	16.0	15	83	9	9	21	3	2.38	40	9	+31	+1.94	+0.95	Matches
242	Bartuğ Elmaz	tr TUR	MF	Fenerbahçe	23-082	2003	5	100	20	3.4	1.1	0		0	5	20	7	2.60	1	1	0	0.00	-1.25	Matches
243	Bartuğ Elmaz	tr TUR	MF	Fatih Karagümrük	23-082	2003	15	954	64	32.1	10.6	10	83	7	5	26	0	1.20	10	12	-2	-0.19	+0.79	Matches
244	Emersonn	br BRA	FW	Göztepe	21-300	2004	3	125	42	4.2	1.4	1	86	0	2	20	0	2.33	4	0	+4	+2.88	+2.60	Matches
245	Yunus Emre Çift	tr TUR	MF,DF	Samsunspor	22-253	2003	21	730	35	24.6	8.1	9	74	2	12	6	11	1.62	11	13	-2	-0.25	-0.25	Matches
246	Taha Emre İnce	tr TUR	DF	Trabzonspor	18-290	2007	0					0		0	0		16							Matches
247	Ali Emre Yanar		GK	Kasımpaşa	27-362	1998	0					0		0	0		28							Matches
248	Youssef En-Nesyri	ma MAR	FW	Fenerbahçe	28-345	1997	16	1,006	63	33.9	11.2	11	79	4	5	28	1	2.25	19	10	+9	+0.81	-0.62	Matches
249	Yasin Eratilla		FW	Kasımpaşa	22-037	2004	0					0		0	0		12							Matches
250	Mehmet Eray Özbek		MF	Kayserispor	23-123	2003	8	134	17	4.5	1.5	0		0	8	17	5	1.13	1	1	0	0.00	+1.14	Matches
Rk	Player	Nation	Pos	Squad	Age	Born	MP	Min	Mn/MP	Min%	90s	Starts	Mn/Start	Compl	Subs	Mn/Sub	unSub	PPM	onG	onGA	+/-	+/-90	On-Off	Matches
251	Erhan Erentürk	tr TUR	GK	Gençlerbirliği	30-347	1995	7	630	90	21.2	7.0	7	90	7	0		25	1.38	10	10	0	0.00	+0.54	Matches
252	Onur Ergün	tr TUR	MF	Başakşehir	33-178	1992	18	341	19	11.5	3.8	3	53	0	15	12	10	1.94	8	5	+3	+0.79	+0.14	Matches
253	Muzaffer Eriş		DF	Konyaspor	19-297	2006	3	152	51	5.1	1.7	2	73	1	1	6	4	0.33	1	6	-5	-2.96	-2.93	Matches
254	Burhan Ersoy		MF	Fatih Karagümrük	22-333	2003	1	4	4	0.1	0.0	0		0	1	4	21	0.00	0	0	0	0.00	+0.73	Matches
255	Deniz Ertaş	tr TUR	GK	Konyaspor	21-053	2005	11	990	90	33.3	11.0	11	90	11	0		21	1.17	18	19	-1	-0.09	+0.14	Matches
256	Oğuzhan Ertem	tr TUR	MF	Trabzonspor	18-131	2008	0					0		0	0		1							Matches
257	Ricardo Esgaio	pt POR	DF	Fatih Karagümrük	32-361	1993	25	2,089	84	70.3	23.2	23	88	21	2	34	0	0.92	20	37	-17	-0.73	-0.02	Matches
258	Mustafa Eskihellaç	tr TUR	DF,MF	Trabzonspor	29-007	1997	29	2,315	80	77.9	25.7	27	84	12	2	26	0	2.07	45	26	+19	+0.74	-0.09	Matches
259	Jhon Espinoza	ec ECU	DF,MF	Kasımpaşa	27-077	1999	10	558	56	18.8	6.2	6	83	4	4	16	6	1.00	5	10	-5	-0.81	-0.36	Matches
260	Oghenekaro Etebo	ng NGA	MF	Gençlerbirliği	30-184	1995	1	41	41	1.4	0.5	1	41	0	0		0	0.00	0	1	-1	-2.20	-1.80	Matches
261	Berke Evli		GK	Fatih Karagümrük	16-348	2009	0					0		0	0		3							Matches
262	Mamadou Fall	sn SEN	MF,FW	Kasımpaşa	34-132	1991	20	1,165	58	39.2	12.9	14	78	5	6	13	0	0.80	10	17	-7	-0.54	-0.04	Matches
263	Andri Fannar Baldursson	is ISL	MF	Kasımpaşa	24-122	2002	30	2,623	87	88.3	29.1	30	87	23	0		0	1.03	30	43	-13	-0.45	+0.59	Matches
264	Ömer Faruk Beyaz	tr TUR	MF	Başakşehir	22-256	2003	3	28	9	0.9	0.3	0		0	3	9	6	1.67	0	0	0	0.00	-0.67	Matches
265	Abbosbek Fayzullayev	uz UZB	MF	Başakşehir	22-221	2003	19	1,023	54	34.4	11.4	13	70	2	6	20	2	1.84	22	7	+15	+1.32	+1.00	Matches
266	Marcos Felipe	br BRA	GK	Eyüpspor	30-029	1996	19	1,710	90	57.6	19.0	19	90	19	0		11	0.68	10	26	-16	-0.84	-0.91	Matches
267	Ohis Felix Uduokhai	de GER	DF	Beşiktaş	28-245	1997	15	1,126	75	37.9	12.5	12	90	12	3	15	16	1.87	16	12	+4	+0.32	-0.41	Matches
268	Yahia Fofana	ci CIV	GK	Rizespor	25-264	2000	26	2,340	90	78.8	26.0	26	90	26	0		1	1.38	40	40	0	0.00	+0.86	Matches
269	Fred	br BRA	MF	Fenerbahçe	33-068	1993	29	1,388	48	46.7	15.4	14	74	4	15	24	4	2.28	39	11	+28	+1.82	+1.13	Matches
270	Godfried Frimpong	nl NED	DF	Kasımpaşa	27-021	1999	27	2,194	81	73.9	24.4	25	85	19	2	36	3	0.96	22	37	-15	-0.62	-0.38	Matches
271	Mert Furkan Bayram	tr TUR	GK	Alanyaspor	21-130	2005	0					0		0	0		3							Matches
272	Karamba Gassama	gm GAM	MF,FW	Gaziantep FK	21-130	2005	15	560	37	18.9	6.2	5	78	1	10	17	1	0.93	9	15	-6	-0.96	-0.67	Matches
273	Furkan Gedik		MF	Kocaelispor	23-304	2002	6	39	7	1.3	0.4	0		0	6	7	25	0.33	1	0	+1	+2.31	+2.68	Matches
274	Baran Gezek	tr TUR	MF	Kayserispor	20-259	2005	0					0		0	0		2							Matches
275	Baran Gezek	tr TUR	MF	Eyüpspor	20-259	2005	16	1,295	81	43.6	14.4	14	90	14	2	18	3	1.00	16	20	-4	-0.28	+0.31	Matches
Rk	Player	Nation	Pos	Squad	Age	Born	MP	Min	Mn/MP	Min%	90s	Starts	Mn/Start	Compl	Subs	Mn/Sub	unSub	PPM	onG	onGA	+/-	+/-90	On-Off	Matches
276	Lautaro Gianetti	ar ARG	DF	Antalyaspor	32-180	1993	28	1,710	61	57.6	19.0	19	83	16	9	15	1	0.83	23	44	-21	-1.11	-0.96	Matches
277	Andreas Gianniotis	gr GRE	GK	Kasımpaşa	33-151	1992	33	2,970	90	100.0	33.0	33	90	33	0		0	0.97	32	49	-17	-0.52		Matches
278	Victor Gidado	ng NGA	MF	Gaziantep FK	21-302	2004	10	443	44	14.9	4.9	4	87	1	6	16	6	0.90	6	9	-3	-0.61	-0.22	Matches
279	Allan Godói	br BRA	DF	Göztepe	33-038	1993	27	1,858	69	62.6	20.6	20	89	19	7	11	0	1.67	27	19	+8	+0.39	-0.02	Matches
280	Enes Gökcek			Kayserispor	19-012	2007	0					0		0	0		2							Matches
281	Diogo Gonçalves	pt POR	MF,FW	Konyaspor	29-095	1997	7	224	32	7.5	2.5	2	73	0	5	16	5	1.43	4	4	0	0.00	+0.20	Matches
282	Soner Gönül	tr TUR	DF,MF	Samsunspor	28-335	1997	16	745	47	25.1	8.3	7	83	5	9	18	16	1.25	9	14	-5	-0.60	-0.73	Matches
283	Zafer Görgen		GK	Gaziantep FK	25-325	2000	20	1,800	90	60.6	20.0	20	90	20	0		12	0.80	21	34	-13	-0.65	-0.57	Matches
284	Dimitris Goutas	gr GRE	DF	Gençlerbirliği	32-038	1994	32	2,815	88	94.8	31.3	32	88	30	0		0	0.97	33	43	-10	-0.32	+2.00	Matches
285	Andre Gray	jm JAM	FW	Fatih Karagümrük	34-320	1991	12	525	44	17.7	5.8	6	70	1	6	18	5	0.33	3	12	-9	-1.54	-0.99	Matches
286	Ivo Grbić	hr CRO	GK	Fatih Karagümrük	30-114	1996	32	2,880	90	97.0	32.0	32	90	32	0		0	0.75	28	53	-25	-0.78	-1.78	Matches
287	Mattéo Guendouzi	fr FRA	MF	Fenerbahçe	27-028	1999	15	1,317	88	44.3	14.6	15	88	12	0		0	2.07	31	19	+12	+0.82	-0.70	Matches
288	Bachir Gueye	sn SEN	FW	Antalyaspor	23-065	2003	2	90	45	3.0	1.0	1	45	0	1	45	7	0.00	2	2	0	0.00	+0.72	Matches
289	Semih Güler		DF	Kayserispor	31-163	1994	16	1,291	81	43.5	14.3	14	90	14	2	16	0	0.75	9	27	-18	-1.25	-0.29	Matches
290	Semih Güler		DF	Gaziantep FK	31-163	1994	14	767	55	25.8	8.5	7	84	6	7	26	3	1.36	14	12	+2	+0.23	+0.89	Matches
291	Burak Gültekin		MF	Kasımpaşa	19-176	2006	0					0		0	0		7							Matches
292	Ömer Gümüş		MF	Fatih Karagümrük	22-309	2003	2	73	37	2.5	0.8	0		0	2	37	4	0.00	0	3	-3	-3.70	-3.05	Matches
293	İlkay Gündoğan	de GER	MF	Galatasaray	35-200	1990	23	1,298	56	43.7	14.4	14	77	4	9	25	3	2.26	35	15	+20	+1.39	-0.12	Matches
294	Can Güner	ar ARG	FW	Galatasaray	18-125	2008	0					0		0	0		1							Matches
295	Muhammet Güneş		MF	Gaziantep FK	20-131	2006	0					0		0	0		4							Matches
296	Umut Güneş	tr TUR	MF	Başakşehir	26-057	2000	28	1,999	71	67.3	22.2	25	78	6	3	20	5	1.79	37	20	+17	+0.77	+0.30	Matches
297	Bahadır Güngördü		GK	Konyaspor	28-155	1997	22	1,980	90	66.7	22.0	22	90	22	0		9	1.18	25	31	-6	-0.27	-0.27	Matches
298	Mert Günok	tr TUR	GK	Beşiktaş	37-072	1989	8	720	90	24.2	8.0	8	90	8	0		9	1.63	13	11	+2	+0.25	-0.43	Matches
299	Mert Günok	tr TUR	GK	Fenerbahçe	37-072	1989	4	296	74	10.0	3.3	3	90	3	1	26	12	1.50	6	5	+1	+0.30	-1.01	Matches
300	Hamza Güreler	tr TUR	DF	Başakşehir	20-032	2006	5	142	28	4.8	1.6	1	90	1	4	13	14	2.40	5	1	+4	+2.54	+1.96	Matches
Rk	Player	Nation	Pos	Squad	Age	Born	MP	Min	Mn/MP	Min%	90s	Starts	Mn/Start	Compl	Subs	Mn/Sub	unSub	PPM	onG	onGA	+/-	+/-90	On-Off	Matches
301	Serdar Gürler	tr TUR	MF,DF	Eyüpspor	34-240	1991	17	1,281	75	43.1	14.2	16	79	6	1	23	0	0.76	7	19	-12	-0.84	-0.68	Matches
302	Gökdeniz Gürpüz	tr TUR	MF	Galatasaray	20-076	2006	1	1	1	0.0	0.0	0		0	1	1	6	3.00	0	0	0	0.00	-1.46	Matches
303	Göktan Gürpüz	de GER	MF	Gençlerbirliği	23-110	2003	29	1,920	66	64.6	21.3	25	73	1	4	27	3	0.86	24	32	-8	-0.37	+0.14	Matches
304	Günay Güvenç	tr TUR	GK	Galatasaray	34-321	1991	8	692	87	23.3	7.7	8	87	7	0		21	2.67	26	7	+19	+2.47	+1.33	Matches
305	Pape Habib Guèye	sn SEN	FW	Kasımpaşa	26-234	1999	25	1,553	62	52.3	17.3	16	86	9	9	20	6	0.80	16	25	-9	-0.52	-0.01	Matches
306	Florent Hadergjonaj	xk KVX	MF	Alanyaspor	31-285	1994	28	2,121	76	71.4	23.6	24	86	19	4	16	1	1.00	29	30	-1	-0.04	-0.25	Matches
307	Amir Hadžiahmetović	ba BIH	MF	Beşiktaş	29-065	1997	0					0		0	0		1							Matches
308	Ianis Hagi	ro ROU	MF,FW	Alanyaspor	27-202	1998	25	1,383	55	46.6	15.4	16	73	3	9	23	0	1.24	15	16	-1	-0.07	-0.18	Matches
309	Massadio Haïdara	ml MLI	DF	Kocaelispor	33-161	1992	22	1,723	78	58.0	19.1	20	83	14	2	32	1	1.14	12	16	-4	-0.21	+0.30	Matches
310	Haris Hajradinović	ba BIH	MF	Kasımpaşa	32-083	1994	7	552	79	18.6	6.1	7	79	5	0		0	1.14	5	7	-2	-0.33	+0.23	Matches
311	Matěj Hanousek	cz CZE	DF	Gençlerbirliği	32-344	1993	21	1,276	61	43.0	14.2	13	85	10	8	22	11	0.57	13	24	-11	-0.78	-0.62	Matches
312	Amine Harit	ma MAR	MF	Başakşehir	28-328	1997	23	1,496	65	50.4	16.6	19	73	4	4	29	2	1.57	30	15	+15	+0.90	+0.47	Matches
313	Mustafa Hekimoğlu	tr TUR	FW	Beşiktaş	19-020	2007	16	340	21	11.4	3.8	2	71	0	14	14	7	1.75	9	6	+3	+0.79	+0.25	Matches
314	Héliton	br BRA	DF	Göztepe	30-180	1995	31	2,790	90	93.9	31.0	31	90	31	0		0	1.65	39	28	+11	+0.35	-0.65	Matches
315	Carlo Holse	dk DEN	MF	Samsunspor	26-344	1999	30	2,510	84	84.5	27.9	28	86	16	2	46	0	1.43	37	38	-1	-0.04	+0.16	Matches
316	Majid Hosseini	ir IRN	DF	Kayserispor	29-326	1996	3	270	90	9.1	3.0	3	90	3	0		0	1.33	6	7	-1	-0.33	+0.83	Matches
317	Oh Hyeon-gyu	kr KOR	FW	Beşiktaş	25-030	2001	13	1,084	83	36.5	12.0	12	89	7	1	16	0	1.77	18	11	+7	+0.58	+0.01	Matches
318	Casper Højer Nielsen	dk DEN	DF	Rizespor	31-173	1994	31	2,612	84	87.9	29.0	31	84	17	0		0	1.19	38	44	-6	-0.21	-0.21	Matches
319	Melih Ibrahimoglu	tr TUR	MF	Konyaspor	25-299	2000	29	2,274	78	76.6	25.3	27	83	13	2	12	2	1.31	29	38	-9	-0.36	-0.74	Matches
320	Mücahit Ibrahimoglu	at AUT	MF	Konyaspor	21-064	2005	2	2	1	0.1	0.0	0		0	2	1	9	1.50	0	0	0	0.00	+0.18	Matches
321	Mauro Icardi	ar ARG	FW	Galatasaray	33-082	1993	30	1,237	41	41.6	13.7	11	83	7	19	17	2	2.37	35	12	+23	+1.67	+0.38	Matches
322	Hasan İlçin	tr TUR	MF	Antalyaspor	17-049	2009	4	169	42	5.7	1.9	3	54	0	1	7	13	1.00	2	3	-1	-0.53	+0.17	Matches
323	Ahmed Ildiz	tr TUR	MF	Göztepe	29-164	1996	7	50	7	1.7	0.6	0		0	7	7	5	2.71	1	0	+1	+1.80	+1.43	Matches
324	Christ Inao Oulaï	ci CIV	MF	Trabzonspor	20-036	2006	24	1,988	83	66.9	22.1	23	84	12	1	45	0	2.17	46	25	+21	+0.95	+0.58	Matches
325	Ege Izmirli	tr TUR	DF	Antalyaspor	18-109	2008	0					0		0	0		9							Matches
Rk	Player	Nation	Pos	Squad	Age	Born	MP	Min	Mn/MP	Min%	90s	Starts	Mn/Start	Compl	Subs	Mn/Sub	unSub	PPM	onG	onGA	+/-	+/-90	On-Off	Matches
326	Tim Jabol-Folcarelli	fr FRA	MF	Trabzonspor	26-157	1999	27	2,327	86	78.4	25.9	27	86	23	0		2	2.07	42	26	+16	+0.62	-0.64	Matches
327	Ismail Jakobs	sn SEN	DF	Galatasaray	26-268	1999	24	1,288	54	43.4	14.3	15	75	6	9	17	4	2.38	30	14	+16	+1.12	-0.59	Matches
328	Janderson	br BRA	FW	Göztepe	27-006	1999	31	2,377	77	80.0	26.4	29	80	4	2	29	0	1.58	31	21	+10	+0.38	-0.08	Matches
329	Nicolas Janvier	fr FRA	MF	Alanyaspor	27-274	1998	26	1,532	59	51.6	17.0	17	83	8	9	13	4	0.96	24	20	+4	+0.23	+0.42	Matches
330	Saikuba Jarju	gm GAM	FW	Samsunspor	18-154	2007	0					0		0	0		1							Matches
331	Jeferson Jeh	br BRA	FW	Göztepe	26-200	1999	15	467	31	15.7	5.2	4	67	0	11	18	0	1.47	8	7	+1	+0.19	-0.24	Matches
332	Elias Jelert	dk DEN	DF	Galatasaray	22-334	2003	0					0		0	0		2							Matches
333	Marko Jevtović	rs SRB	MF,DF	Konyaspor	32-292	1993	21	1,178	56	39.7	13.1	13	82	7	8	14	4	1.62	22	17	+5	+0.38	+0.93	Matches
334	Jo Jinho	kr KOR	MF,DF	Konyaspor	22-306	2003	19	1,014	53	34.1	11.3	11	78	5	8	20	10	0.63	13	19	-6	-0.53	-0.53	Matches
335	Daniel Johnson	jm JAM	MF	Fatih Karagümrük	33-216	1992	17	1,014	60	34.1	11.3	11	83	7	6	17	3	0.71	11	22	-11	-0.98	-0.38	Matches
336	Aleksandar Jovanović	rs SRB	GK	Kocaelispor	33-157	1992	18	1,575	88	53.0	17.5	18	88	17	0		0	1.28	16	18	-2	-0.11	+0.47	Matches
337	Gideon Jung	de GER	MF,DF	Kayserispor	31-242	1994	4	303	76	10.2	3.4	4	76	2	0		2	0.50	1	9	-8	-2.38	-1.43	Matches
338	David Jurásek	cz CZE	DF	Beşiktaş	25-278	2000	10	638	64	21.5	7.1	7	87	6	3	9	6	1.70	12	9	+3	+0.42	-0.19	Matches
339	Václav Jurečka	cz CZE	FW,MF	Rizespor	31-320	1994	12	467	39	15.7	5.2	5	71	1	7	16	1	1.08	8	9	-1	-0.19	-0.01	Matches
340	Uğur Kaan Yıldız	tr TUR	DF	Göztepe	23-279	2002	8	64	8	2.2	0.7	0		0	8	8	19	1.50	0	0	0	0.00	-0.40	Matches
341	Yusuf Kabadayı	de GER	MF,FW	Gaziantep FK	22-099	2004	17	612	36	20.6	6.8	5	80	2	12	18	6	1.35	8	12	-4	-0.59	-0.21	Matches
342	Melih Kabasakal		MF,DF	Gaziantep FK	30-083	1996	23	1,404	61	47.3	15.6	17	78	9	6	14	1	1.00	20	26	-6	-0.38	+0.08	Matches
343	Melih Kabasakal		MF	Eyüpspor	30-083	1996	3	105	35	3.5	1.2	1	45	0	2	30	0	1.00	1	5	-4	-3.43	-3.08	Matches
344	Arda Kabukci		FW	Kayserispor	18-103	2008	0					0		0	0		1							Matches
345	Muhammed Kadıoğlu	tr TUR	DF	Fatih Karagümrük	19-131	2007	9	590	66	19.9	6.6	6	83	5	3	32	15	0.67	7	12	-5	-0.76	-0.04	Matches
346	Yusuf Kahraman	tr TUR	DF	Galatasaray	18-047	2008	0					0		0	0		2							Matches
347	İrfan Kahveci	tr TUR	MF	Fenerbahçe	30-301	1995	8	285	36	9.6	3.2	2	76	0	6	22	0	2.00	7	3	+4	+1.26	+0.06	Matches
348	İrfan Kahveci	tr TUR	MF	Kasımpaşa	30-301	1995	15	1,275	85	42.9	14.2	15	85	9	0		0	1.13	17	18	-1	-0.07	+0.78	Matches
349	Barış Kalayci	tr TUR	MF	Fatih Karagümrük	20-255	2005	28	1,222	44	41.1	13.6	14	75	3	14	13	4	0.86	13	21	-8	-0.59	+0.23	Matches
350	Ali Kalın		FW	Gaziantep FK	18-050	2008	2	36	18	1.2	0.4	0		0	2	18	16	0.00	0	1	-1	-2.50	-2.10	Matches
Rk	Player	Nation	Pos	Squad	Age	Born	MP	Min	Mn/MP	Min%	90s	Starts	Mn/Start	Compl	Subs	Mn/Sub	unSub	PPM	onG	onGA	+/-	+/-90	On-Off	Matches
351	Tarık Kalpaklı	tr TUR	MF	Fatih Karagümrük	17-036	2009	10	279	28	9.4	3.1	2	58	0	8	21	8	0.40	3	5	-2	-0.65	+0.09	Matches
352	Kubilay Kanatsızkuş	tr TUR	FW	Kasımpaşa	29-045	1997	21	612	29	20.6	6.8	6	74	2	15	11	9	0.67	5	14	-9	-1.32	-1.02	Matches
353	N'Golo Kanté	fr FRA	MF	Fenerbahçe	35-044	1991	13	1,051	81	35.4	11.7	12	83	8	1	51	0	2.08	26	17	+9	+0.77	-0.68	Matches
354	Burak Kapacak	tr TUR	DF	Kayserispor	26-155	1999	11	294	27	9.9	3.3	0		0	11	27	17	0.55	6	9	-3	-0.92	+0.19	Matches
355	Mahmut Kara		GK	Alanyaspor	20-131	2006	0					0		0	0		1							Matches
356	Efecan Karaca	tr TUR	FW,MF	Alanyaspor	36-177	1989	18	503	28	16.9	5.6	5	69	0	13	12	12	1.44	11	5	+6	+1.07	+1.26	Matches
357	Yusuf Karademir		MF	Alanyaspor	18-128	2008	0					0		0	0		2							Matches
358	Samet Karakoç	az AZE	MF,DF	Antalyaspor	23-202	2002	21	604	29	20.3	6.7	5	70	1	16	16	8	1.00	8	13	-5	-0.75	-0.06	Matches
359	Eyüp Karasu	tr TUR	MF	Galatasaray	18-303	2007	0					0		0	0		1							Matches
360	Haydar Karataş	tr TUR	MF	Fenerbahçe	19-060	2007	1	2	2	0.1	0.0	0		0	1	2	1	3.00	0	0	0	0.00	-1.21	Matches
361	Kazımcan Karataş	tr TUR	DF	Başakşehir	23-116	2003	10	614	61	20.7	6.8	5	90	5	5	33	2	2.00	11	8	+3	+0.44	-0.29	Matches
362	Kazımcan Karataş	tr TUR	DF	Galatasaray	23-116	2003	8	441	55	14.8	4.9	4	89	2	4	22	2	2.50	12	4	+8	+1.63	+0.21	Matches
363	Ali Karimi	ir IRN	MF	Kayserispor	32-090	1994	2	41	21	1.4	0.5	0		0	2	21	0	0.50	0	2	-2	-4.39	-3.35	Matches
364	Mehmet Karslı		GK	Samsunspor	17-197	2008	0					0		0	0		1							Matches
365	Jadel Katongo	zm ZAM	DF	Kayserispor	21-240	2004	9	546	61	18.4	6.1	6	80	4	3	22	7	0.89	4	12	-8	-1.32	-0.28	Matches
366	Arda Kaya		MF	Kayserispor	20-079	2006	0					0		0	0		3							Matches
367	İbrahim Kaya		MF,FW	Alanyaspor	25-064	2001	29	1,144	39	38.5	12.7	11	71	2	18	20	2	1.00	17	16	+1	+0.08	+0.08	Matches
368	Kerem Kayaarası	tr TUR	FW	Antalyaspor	20-055	2006	1	2	2	0.1	0.0	0		0	1	2	13	0.00	0	0	0	0.00	+0.70	Matches
369	Yalçın Kayan	tr TUR	MF	Eyüpspor	27-102	1999	16	876	55	29.5	9.7	11	69	1	5	24	1	0.75	4	13	-9	-0.92	-0.67	Matches
370	Yalçın Kayan	tr TUR	MF	Samsunspor	27-102	1999	13	744	57	25.1	8.3	9	77	2	4	14	1	1.54	12	13	-1	-0.12	-0.08	Matches
371	Sant Kazanci		GK	Kasımpaşa	17-145	2008	0					0		0	0		5							Matches
372	Jakub Kałuziński	pl POL	MF	Başakşehir	23-193	2002	9	322	36	10.8	3.6	2	90	2	7	20	15	1.22	4	3	+1	+0.28	-0.43	Matches
373	Jakub Kałuziński	pl POL	MF	Antalyaspor	23-193	2002	4	216	54	7.3	2.4	2	72	1	2	36	0	1.50	2	2	0	0.00	+0.75	Matches
374	Habib Keita	ml MLI	MF	Kocaelispor	24-096	2002	27	2,005	74	67.5	22.3	23	82	9	4	30	0	1.33	18	20	-2	-0.09	+0.75	Matches
375	Can Keles	at AUT	FW,MF	Kocaelispor	24-252	2001	24	861	36	29.0	9.6	9	69	2	15	16	3	1.17	5	15	-10	-1.05	-1.00	Matches
Rk	Player	Nation	Pos	Squad	Age	Born	MP	Min	Mn/MP	Min%	90s	Starts	Mn/Start	Compl	Subs	Mn/Sub	unSub	PPM	onG	onGA	+/-	+/-90	On-Off	Matches
376	Thalisson Kelven	br BRA	DF	Gençlerbirliği	28-005	1998	29	2,526	87	85.1	28.1	28	89	25	1	45	0	0.97	29	40	-11	-0.39	+0.22	Matches
377	Ensar Kemaloğlu		MF	Gençlerbirliği	27-219	1998	0					0		0	0		13							Matches
378	Olivier Kemen	cm CMR	MF	Başakşehir	29-296	1996	28	2,205	79	74.2	24.5	25	85	17	3	27	0	1.68	40	23	+17	+0.69	+0.11	Matches
379	Umut Keseci		GK	Eyüpspor	22-096	2004	0					0		0	0		1							Matches
380	Enes Keskin		MF	Alanyaspor	24-342	2001	21	683	33	23.0	7.6	6	72	0	15	17	4	1.38	15	8	+7	+0.92	+1.16	Matches
381	Abdou Khadre Sy	sn SEN	FW	Eyüpspor	18-148	2007	3	21	7	0.7	0.2	0		0	3	7	7	1.00	0	2	-2	-8.57	-8.17	Matches
382	Alperen Kılıç		MF	Rizespor	26-315	1999	0					0		0	0		1							Matches
383	Ekrem Kılıçarslan		GK	Göztepe	28-263	1997	0					0		0	0		28							Matches
384	Emre Kılınç	tr TUR	MF,FW	Samsunspor	31-262	1994	16	1,189	74	40.0	13.2	14	82	6	2	24	0	1.81	20	17	+3	+0.23	+0.48	Matches
385	Arda Kızıldağ	tr TUR	DF	Gaziantep FK	27-209	1998	25	1,764	71	59.4	19.6	22	79	14	3	8	5	1.24	29	36	-7	-0.36	+0.17	Matches
386	Furkan Koçak	tr TUR	MF	Galatasaray	18-071	2008	0					0		0	0		1							Matches
387	Arif Kocaman		DF	Kayserispor	22-240	2003	5	227	45	7.6	2.5	3	66	1	2	15	6	0.60	2	9	-7	-2.78	-1.82	Matches
388	Okan Kocuk	tr TUR	GK	Samsunspor	30-289	1995	30	2,700	90	90.9	30.0	30	90	30	0		3	1.40	37	39	-2	-0.07	-0.07	Matches
389	Sekou Koita	ml MLI	MF,FW	Gençlerbirliği	26-165	1999	27	1,719	64	57.9	19.1	22	73	5	5	23	0	1.00	22	30	-8	-0.42	+0.01	Matches
390	Orkun Kökçü	tr TUR	MF	Beşiktaş	25-134	2000	29	2,384	82	80.3	26.5	28	85	16	1	8	0	1.79	46	28	+18	+0.68	+0.53	Matches
391	Abdul Kone	ci CIV	FW	Fatih Karagümrük	18-133	2007	4	43	11	1.4	0.5	0		0	4	11	6	1.00	0	0	0	0.00	+0.74	Matches
392	Nurettin Korkmaz	tr TUR	DF	Kayserispor	23-319	2002	7	166	24	5.6	1.8	1	71	0	6	16	10	0.57	1	5	-4	-2.17	-1.14	Matches
393	Cengiz Köseer		GK	Eyüpspor	23-131	2003	0					0		0	0		3							Matches
394	İsmail Köybaşı	tr TUR	DF	Göztepe	36-306	1989	9	74	8	2.5	0.8	0		0	9	8	10	1.40	1	1	0	0.00	-0.40	Matches
395	Kacper Kozłowski	pl POL	MF,FW	Gaziantep FK	22-208	2003	30	2,555	85	86.0	28.4	29	87	20	1	38	0	1.13	39	48	-9	-0.32	+0.77	Matches
396	Blaž Kramer	si SVN	FW	Konyaspor	29-345	1996	11	663	60	22.3	7.4	7	80	5	4	26	0	1.64	11	7	+4	+0.54	+0.93	Matches
397	Matías Kranevitter	ar ARG	MF	Fatih Karagümrük	32-356	1993	22	1,681	76	56.6	18.7	21	78	11	1	35	0	0.95	15	22	-7	-0.37	+0.81	Matches
398	Filip Krastev	bg BUL	MF	Göztepe	24-209	2001	11	490	45	16.5	5.4	5	65	1	6	27	1	1.09	6	6	0	0.00	-0.47	Matches
399	Efe Küçük		DF	Kocaelispor	18-188	2007	0					0		0	0		1							Matches
400	Enver Kulasin	ba BIH	MF	Gaziantep FK	22-243	2003	5	134	27	4.5	1.5	1	55	0	4	20	9	1.40	0	3	-3	-2.01	-1.67	Matches
Rk	Player	Nation	Pos	Squad	Age	Born	MP	Min	Mn/MP	Min%	90s	Starts	Mn/Start	Compl	Subs	Mn/Sub	unSub	PPM	onG	onGA	+/-	+/-90	On-Off	Matches
401	Arda Kurtulan	al ALB	MF	Göztepe	23-174	2002	30	2,339	78	78.8	26.0	26	85	13	4	33	0	1.77	35	23	+12	+0.46	+0.32	Matches
402	Fatih Kuruçuk	tr TUR	DF	Fatih Karagümrük	28-111	1998	4	227	57	7.6	2.5	2	90	2	2	24	9	1.00	2	6	-4	-1.59	-0.93	Matches
403	Çağtay Kurukalıp	tr TUR	DF	Fatih Karagümrük	24-077	2002	24	1,188	50	40.0	13.2	13	81	10	11	12	8	1.04	11	20	-9	-0.68	+0.08	Matches
404	Berhan Kutlay Şatlı		DF	Eyüpspor	20-118	2006	0					0		0	0		8							Matches
405	Berkan Kutlu	tr TUR	MF	Galatasaray	28-107	1998	7	65	9	2.2	0.7	0		0	7	9	7	2.71	4	2	+2	+2.77	+1.34	Matches
406	Berkan Kutlu	tr TUR	MF,DF	Konyaspor	28-107	1998	13	1,054	81	35.5	11.7	12	85	8	1	35	0	1.54	16	11	+5	+0.43	+0.94	Matches
407	Ahmed Kutucu	tr TUR	FW,MF	Galatasaray	26-072	2000	9	81	9	2.7	0.9	0		0	9	9	19	2.22	6	0	+6	+6.67	+5.36	Matches
408	Moussa Kyabou	ml MLI	MF	Gençlerbirliği	28-024	1998	2	146	73	4.9	1.6	2	73	1	0		0	0.00	1	5	-4	-2.47	-2.15	Matches
409	Qazim Laçi	al ALB	MF	Rizespor	30-113	1996	31	2,592	84	87.3	28.8	31	84	19	0		0	1.29	42	40	+2	+0.07	+1.97	Matches
410	Mohamed Lamine Bayo	gn GUI	FW	Gaziantep FK	27-342	1998	28	2,249	80	75.7	25.0	27	82	16	1	46	0	1.00	31	42	-11	-0.44	-0.07	Matches
411	Noa Lang	nl NED	MF	Galatasaray	26-329	1999	12	613	51	20.6	6.8	6	74	1	6	28	2	2.08	20	8	+12	+1.76	+0.39	Matches
412	Sam Larsson	se SWE	MF,FW	Fatih Karagümrük	33-032	1993	21	1,466	70	49.4	16.3	19	73	6	2	40	1	0.90	18	30	-12	-0.74	-0.02	Matches
413	Mario Lemina	ga GAB	MF,DF	Galatasaray	32-253	1993	27	1,679	62	56.5	18.7	19	76	9	8	29	2	2.19	37	17	+20	+1.07	-0.88	Matches
414	Igor Lichnovsky	cl CHI	DF	Fatih Karagümrük	32-066	1994	13	1,170	90	39.4	13.0	13	90	13	0		0	1.38	12	14	-2	-0.15	+0.95	Matches
415	Nuno Lima	pt POR	DF	Alanyaspor	25-057	2001	31	2,731	88	92.0	30.3	31	88	26	0		0	1.00	32	35	-3	-0.10	-1.61	Matches
416	Karol Linetty	pl POL	MF	Kocaelispor	31-099	1995	25	1,521	61	51.2	16.9	19	74	5	6	20	4	1.24	18	17	+1	+0.06	+0.80	Matches
417	Mateusz Lis	pl POL	GK	Göztepe	29-074	1997	33	2,970	90	100.0	33.0	33	90	33	0		0	1.67	42	29	+13	+0.39		Matches
418	Dominik Livaković	hr CRO	GK	Fenerbahçe	31-123	1995	1	90	90	3.0	1.0	1	90	1	0		2	3.00	3	1	+2	+2.00	+0.81	Matches
419	Rony Lopes	pt POR	FW,MF	Alanyaspor	30-135	1995	0					0		0	0		1							Matches
420	Guilherme Luiz	br BRA	FW	Göztepe	21-017	2005	12	186	16	6.3	2.1	2	58	0	10	7	3	1.50	1	3	-2	-0.97	-1.45	Matches
421	Christopher Lungoyi	ch SUI	MF,FW	Gaziantep FK	25-312	2000	28	1,717	61	57.8	19.1	19	80	8	9	22	4	1.11	25	24	+1	+0.05	+1.13	Matches
422	Mathias Løvik	no NOR	DF	Trabzonspor	22-157	2003	14	650	46	21.9	7.2	8	66	3	6	21	1	2.00	11	9	+2	+0.28	-0.62	Matches
423	Salem M'bakata	cd COD	DF	Gaziantep FK	28-023	1998	1	34	34	1.1	0.4	1	34	0	0		0	0.00	0	2	-2	-5.29	-4.93	Matches
424	Maestro	ao ANG	MF	Alanyaspor	22-281	2003	20	1,344	67	45.3	14.9	15	82	10	5	24	1	1.00	15	17	-2	-0.13	-0.30	Matches
425	Denis Makarov	ru RUS	MF	Kayserispor	28-083	1998	12	612	51	20.6	6.8	7	64	0	5	33	0	0.92	4	10	-6	-0.88	+0.26	Matches
Rk	Player	Nation	Pos	Squad	Age	Born	MP	Min	Mn/MP	Min%	90s	Starts	Mn/Start	Compl	Subs	Mn/Sub	unSub	PPM	onG	onGA	+/-	+/-90	On-Off	Matches
426	Antoine Makoumbou	cg CGO	MF	Samsunspor	27-298	1998	31	2,214	71	74.5	24.6	23	87	19	8	27	0	1.52	31	36	-5	-0.20	-0.56	Matches
427	Gaius Makouta	cg CGO	MF	Alanyaspor	28-291	1997	32	2,586	81	87.1	28.7	31	83	15	1	4	0	1.06	34	35	-1	-0.03	-0.50	Matches
428	Salih Malkoçoglu		DF	Trabzonspor	21-078	2005	8	189	24	6.4	2.1	2	79	1	6	5	16	2.13	2	4	-2	-0.95	-1.83	Matches
429	Carlos Mané	gw GNB	MF	Kayserispor	32-062	1994	22	1,043	47	35.1	11.6	12	66	0	10	26	6	0.64	7	21	-14	-1.21	-0.18	Matches
430	Ismaila Manga	sn SEN	MF	Eyüpspor	18-362	2007	4	28	7	0.9	0.3	0		0	4	7	7	1.50	2	0	+2	+6.43	+6.95	Matches
431	João Mário	pt POR	MF	Beşiktaş	33-113	1993	2	106	53	3.6	1.2	1	90	1	1	16	0	1.50	2	2	0	0.00	-0.60	Matches
432	Prince Martor Jr.	lr LBR	FW	Gençlerbirliği	18-307	2007	0					0		0	0		2							Matches
433	Sam Mather	eng ENG	FW	Kayserispor	21-251	2004	2	52	26	1.8	0.6	1	45	0	1	7	13	0.00	0	3	-3	-5.19	-4.17	Matches
434	Alexandru Maxim	ro ROU	MF,FW	Gaziantep FK	35-308	1990	32	2,590	81	87.2	28.8	31	83	12	1	24	0	1.16	39	47	-8	-0.28	+1.14	Matches
435	Dire Mebude	sct SCO	MF,FW	Rizespor	21-349	2004	12	652	54	22.0	7.2	7	78	2	5	21	2	1.50	14	8	+6	+0.83	+1.29	Matches
436	João Mendes	pt POR	MF	Kayserispor	31-203	1994	25	1,468	59	49.4	16.3	15	76	4	10	33	3	0.96	14	22	-8	-0.49	+1.19	Matches
437	Joe Mendes	se SWE	MF,DF	Samsunspor	23-132	2002	27	1,225	45	41.2	13.6	11	84	5	16	19	3	1.59	18	21	-3	-0.22	-0.27	Matches
438	Ryan Mendes	cv CPV	FW	Kocaelispor	36-124	1990	4	271	68	9.1	3.0	4	68	2	0		0	0.25	1	5	-4	-1.33	-1.09	Matches
439	Batista Mendy	fr FRA	DF,MF	Trabzonspor	26-120	2000	2	50	25	1.7	0.6	0		0	2	25	1	3.00	0	0	0	0.00	-0.77	Matches
440	Gilbert Mendy	sn SEN	DF	Eyüpspor	21-188	2004	0			0.0	0.0	0		0	0		5	1.00	2	2	0			Matches
441	Umut Meraş	tr TUR	DF	Eyüpspor	30-143	1995	22	1,733	79	58.4	19.3	19	86	12	3	36	4	0.86	19	25	-6	-0.31	+0.34	Matches
442	Levent Mercan	de GER	DF	Fenerbahçe	25-153	2000	20	1,134	57	38.2	12.6	13	77	4	7	20	8	2.10	35	16	+19	+1.51	+0.48	Matches
443	Ali Mevran Ablak		MF	Gaziantep FK	22-289	2003	0					0		0	0		1							Matches
444	Valentin Mihaila	ro ROU	MF,FW	Rizespor	26-099	2000	21	1,246	59	42.0	13.8	14	79	6	7	20	5	1.29	21	22	-1	-0.07	+0.19	Matches
445	Metehan Mimaroğlu		MF,FW	Gençlerbirliği	31-309	1994	31	1,875	60	63.1	20.8	20	77	3	11	30	1	0.97	25	28	-3	-0.14	+0.76	Matches
446	Filip Mladenović	rs SRB	DF	Fatih Karagümrük	34-270	1991	10	846	85	28.5	9.4	10	85	7	0		0	1.20	9	10	-1	-0.11	+0.87	Matches
447	Attila Mocsi	hu HUN	DF	Rizespor	25-348	2000	24	1,661	69	55.9	18.5	18	87	16	6	16	8	1.29	27	34	-7	-0.38	-0.45	Matches
448	Baran Mogultay	de GER	MF	Alanyaspor	21-359	2004	4	100	25	3.4	1.1	1	45	0	3	18	18	1.75	2	1	+1	+0.90	+0.90	Matches
449	Musah Mohammed	gh GHA	MF	Göztepe	24-127	2002	10	213	21	7.2	2.4	1	88	0	9	14	3	1.50	2	4	-2	-0.85	-1.33	Matches
450	Marius Mouandilmadji	td CHA	FW	Samsunspor	28-110	1998	33	1,961	59	66.0	21.8	21	83	11	12	19	0	1.45	30	28	+2	+0.09	+0.45	Matches
Rk	Player	Nation	Pos	Squad	Age	Born	MP	Min	Mn/MP	Min%	90s	Starts	Mn/Start	Compl	Subs	Mn/Sub	unSub	PPM	onG	onGA	+/-	+/-90	On-Off	Matches
451	Steve Mounié	bj BEN	FW	Alanyaspor	31-225	1994	21	710	34	23.9	7.9	6	71	0	15	19	1	0.81	10	10	0	0.00	-0.04	Matches
452	Ernest Muçi	al ALB	MF	Beşiktaş	25-054	2001	1	57	57	1.9	0.6	1	57	0	0		0	0.00	0	1	-1	-1.58	-2.20	Matches
453	Ernest Muçi	al ALB	MF	Trabzonspor	25-054	2001	26	1,796	69	60.5	20.0	21	81	8	5	21	1	2.08	39	28	+11	+0.55	-0.52	Matches
454	Arbnor Muja	al ALB	MF	Samsunspor	27-164	1998	2	50	25	1.7	0.6	0		0	2	25	0	3.00	2	1	+1	+1.80	+1.89	Matches
455	Nihad Mujakić	ba BIH	DF	Gaziantep FK	28-027	1998	10	767	77	25.8	8.5	8	89	6	2	29	3	0.70	7	14	-7	-0.82	-0.54	Matches
456	Nihad Mujakić	ba BIH	DF	Eyüpspor	28-027	1998	16	1,349	84	45.4	15.0	15	90	14	1	2	0	0.81	10	20	-10	-0.67	-0.39	Matches
457	Atakan Müjde		MF	Kasımpaşa	23-107	2003	6	157	26	5.3	1.7	2	58	0	4	10	13	1.17	1	4	-3	-1.72	-1.27	Matches
458	Mervan Müjdeci		DF	Gaziantep FK	18-131	2008	0					0		0	0		4							Matches
459	Mert Müldür	tr TUR	DF	Fenerbahçe	27-039	1999	23	1,157	50	39.0	12.9	10	79	7	13	28	8	2.22	29	19	+10	+0.78	-0.71	Matches
460	Jackson Muleka	cd COD	MF,FW	Konyaspor	26-220	1999	29	2,221	77	74.8	24.7	25	84	13	4	33	0	1.14	27	37	-10	-0.41	-0.89	Matches
461	Berkay Muratoğlu	tr TUR	DF	Kasımpaşa	18-130	2008	0					0		0	0		4							Matches
462	Anthony Musaba	nl NED	MF	Samsunspor	25-157	2000	15	1,168	78	39.3	13.0	14	82	6	1	18	0	1.27	18	13	+5	+0.39	+0.73	Matches
463	Anthony Musaba	nl NED	MF	Fenerbahçe	25-157	2000	16	757	47	25.5	8.4	9	65	0	7	24	0	2.13	16	9	+7	+0.83	-0.51	Matches
464	Adamo Nagalo	bf BFA	DF	Konyaspor	23-232	2002	8	598	75	20.1	6.6	6	90	5	2	30	3	1.75	10	6	+4	+0.60	+0.98	Matches
465	Michał Nalepa	pl POL	MF,FW	Gençlerbirliği	31-049	1995	3	260	87	8.8	2.9	3	87	1	0		0	0.00	1	4	-3	-1.04	-0.67	Matches
466	Umut Nayir	tr TUR	FW	Trabzonspor	32-318	1993	12	306	26	10.3	3.4	2	68	1	10	17	2	2.00	6	2	+4	+1.18	+0.47	Matches
467	Umut Nayir	tr TUR	FW	Konyaspor	32-318	1993	19	1,667	88	56.1	18.5	19	88	15	0		0	1.00	22	30	-8	-0.43	-0.57	Matches
468	Alassane Ndao	sn SEN	MF,FW	Konyaspor	29-143	1996	11	790	72	26.6	8.8	11	72	1	0		1	1.27	14	15	-1	-0.11	+0.09	Matches
469	Badou Ndiaye	sn SEN	MF	Gaziantep FK	35-197	1990	12	420	35	14.1	4.7	3	66	0	9	25	3	1.67	5	8	-3	-0.64	-0.25	Matches
470	Cherif Ndiaye	sn SEN	FW,MF	Samsunspor	30-109	1996	23	1,420	62	47.8	15.8	16	81	7	7	19	0	1.39	22	27	-5	-0.32	-0.49	Matches
471	Wilfred Ndidi	ng NGA	MF	Beşiktaş	29-147	1996	24	1,951	81	65.7	21.7	22	87	16	2	23	1	1.79	37	22	+15	+0.69	+0.34	Matches
472	Diabel Ndoye	sn SEN	DF	Eyüpspor	18-258	2007	0					0		0	0		5							Matches
473	Renato Nhaga	gw GNB	MF	Galatasaray	19-046	2007	2	42	21	1.4	0.5	0		0	2	21	11	3.00	3	1	+2	+4.29	+2.87	Matches
474	M'Baye Niang	sn SEN	FW	Gençlerbirliği	31-144	1994	26	1,738	67	58.5	19.3	19	83	10	7	22	0	0.92	16	22	-6	-0.31	+0.27	Matches
475	Rob Nizet	be BEL	DF	Gaziantep FK	24-028	2002	2	22	11	0.7	0.2	0		0	2	11	9	3.00	0	2	-2	-8.18	-7.82	Matches
Rk	Player	Nation	Pos	Squad	Age	Born	MP	Min	Mn/MP	Min%	90s	Starts	Mn/Start	Compl	Subs	Mn/Sub	unSub	PPM	onG	onGA	+/-	+/-90	On-Off	Matches
476	Joseph Nonge	be BEL	MF,FW	Kocaelispor	20-362	2005	24	1,142	48	38.5	12.7	14	70	2	10	17	7	0.92	7	17	-10	-0.79	-0.74	Matches
477	Olivier Ntcham	cm CMR	MF	Samsunspor	30-092	1996	23	1,540	67	51.9	17.1	19	75	7	4	31	0	1.48	20	18	+2	+0.12	+0.37	Matches
478	Chibuike Nwaiwu	ng NGA	DF	Trabzonspor	22-293	2003	16	1,309	82	44.1	14.5	15	87	13	1	2	0	2.13	25	15	+10	+0.69	-0.13	Matches
479	Anthony Nwakaeme	ng NGA	MF	Trabzonspor	37-052	1989	14	579	41	19.5	6.4	6	82	1	8	11	3	2.14	9	6	+3	+0.47	-0.36	Matches
480	Prince Obeng Ampem	gh GHA	MF	Eyüpspor	28-029	1998	20	643	32	21.6	7.1	4	76	1	16	21	0	0.85	7	13	-6	-0.84	-0.49	Matches
481	Mustafa Obut		DF	Kayserispor	19-098	2007	0					0		0	0		4							Matches
482	Uchenna Ogundu	ng NGA	FW	Alanyaspor	20-000	2006	17	982	58	33.1	10.9	11	79	1	6	20	1	1.18	11	8	+3	+0.27	+0.37	Matches
483	Ahmet Oğuz	tr TUR	DF	Kocaelispor	33-116	1993	27	2,099	78	70.7	23.3	24	85	18	3	22	1	1.30	18	18	0	0.00	+1.14	Matches
484	Mikail Okyar		MF	Gençlerbirliği	27-109	1999	0					0		0	0		1							Matches
485	Kazeem Olaigbe	be BEL	MF	Konyaspor	23-130	2003	13	944	73	31.8	10.5	12	77	4	1	24	0	1.62	10	12	-2	-0.19	-0.01	Matches
486	Kazeem Olaigbe	be BEL	MF	Trabzonspor	23-130	2003	18	1,086	60	36.6	12.1	14	67	1	4	36	1	2.22	22	13	+9	+0.75	-0.02	Matches
487	Junior Olaitan	bj BEN	MF	Beşiktaş	24-003	2002	13	1,147	88	38.6	12.7	13	88	9	0		0	1.77	22	13	+9	+0.71	+0.21	Matches
488	Junior Olaitan	bj BEN	MF	Göztepe	24-003	2002	17	904	53	30.4	10.0	10	72	0	7	26	0	1.88	13	8	+5	+0.50	+0.15	Matches
489	Ibrahim Olawoyin	ng NGA	MF	Rizespor	28-162	1997	27	1,965	73	66.2	21.8	24	79	5	3	24	0	1.15	25	31	-6	-0.27	-0.27	Matches
490	Abdülkadir Ömür	tr TUR	MF	Antalyaspor	26-321	1999	24	1,230	51	41.4	13.7	16	67	3	8	20	3	0.83	16	22	-6	-0.44	+0.44	Matches
491	André Onana	cm CMR	GK	Trabzonspor	30-040	1996	29	2,526	87	85.1	28.1	29	87	28	0		0	2.03	55	34	+21	+0.75	-0.06	Matches
492	Jérôme Onguéné	cm CMR	DF	Eyüpspor	28-141	1997	12	772	64	26.0	8.6	9	83	7	3	9	3	1.23	9	16	-7	-0.82	-0.49	Matches
493	Yaya Onogo	ci CIV	MF	Fatih Karagümrük	18-143	2007	0					0		0	0		11							Matches
494	Paul Onuachu	ng NGA	FW	Trabzonspor	31-349	1994	29	2,428	84	81.8	27.0	27	88	19	2	30	0	2.21	48	23	+25	+0.93	+0.93	Matches
495	German Onugkha	ru RUS	FW	Kayserispor	29-310	1996	27	1,887	70	63.5	21.0	21	81	14	6	30	0	0.93	19	32	-13	-0.62	+1.29	Matches
496	Samed Onur	tr TUR	MF	Gençlerbirliği	23-301	2002	25	610	24	20.5	6.8	4	71	0	21	16	8	0.84	3	7	-4	-0.59	-0.21	Matches
497	Henry Onyekuru	ng NGA	MF	Gençlerbirliği	28-341	1997	17	311	18	10.5	3.5	3	54	0	14	11	5	0.59	1	9	-8	-2.32	-2.11	Matches
498	Jayden Oosterwolde	nl NED	DF	Fenerbahçe	25-016	2001	30	2,579	86	86.8	28.7	29	88	26	1	33	0	2.27	63	29	+34	+1.19	-0.19	Matches
499	Christopher Operi	ci CIV	DF	Başakşehir	29-013	1997	22	1,821	83	61.3	20.2	22	83	18	0		2	1.77	35	16	+19	+0.94	+0.70	Matches
500	Aaron Opoku	de GER	DF,MF	Kayserispor	27-045	1999	19	1,232	65	41.5	13.7	14	76	6	5	35	0	0.63	13	30	-17	-1.24	-0.26	Matches
Rk	Player	Nation	Pos	Squad	Age	Born	MP	Min	Mn/MP	Min%	90s	Starts	Mn/Start	Compl	Subs	Mn/Sub	unSub	PPM	onG	onGA	+/-	+/-90	On-Off	Matches
501	Jerome Opoku	gh GHA	DF	Başakşehir	27-210	1998	31	2,649	85	89.2	29.4	30	86	26	1	78	0	1.61	49	30	+19	+0.65	-0.20	Matches
502	Nicholas Opoku	gh GHA	DF	Kasımpaşa	28-185	1997	29	2,345	81	79.0	26.1	25	90	25	4	24	3	0.90	20	35	-15	-0.58	-0.29	Matches
503	Furkan Orak		DF	Rizespor	24-349	2001	1	12	12	0.4	0.1	0		0	1	12	20	3.00	0	1	-1	-7.50	-7.35	Matches
504	Emir Ortakaya	tr TUR	DF	Eyüpspor	21-324	2004	9	728	81	24.5	8.1	8	89	7	1	14	10	0.78	7	13	-6	-0.74	-0.38	Matches
505	Emir Ortakaya	tr TUR	DF	Rizespor	21-324	2004	3	48	16	1.6	0.5	0		0	3	16	11	2.33	1	3	-2	-3.75	-3.63	Matches
506	Victor Osimhen	ng NGA	FW	Galatasaray	27-134	1998	22	1,707	78	57.5	19.0	19	87	10	3	18	0	2.45	47	16	+31	+1.63	+0.42	Matches
507	Sinan Osmanoğlu	tr TUR	DF	Gençlerbirliği	36-123	1990	7	70	10	2.4	0.8	0		0	7	10	10	1.14	0	2	-2	-2.57	-2.20	Matches
508	Mehmet Öz		MF	Alanyaspor	18-095	2008	0					0		0	0		1							Matches
509	Berkay Özcan	tr TUR	MF	Fatih Karagümrük	28-086	1998	32	2,278	71	76.7	25.3	25	82	11	7	34	0	0.84	19	37	-18	-0.71	+0.07	Matches
510	Yasin Özcan	tr TUR	DF	Beşiktaş	20-022	2006	1	90	90	3.0	1.0	1	90	1	0		11	3.00	2	0	+2	+2.00	+1.47	Matches
511	Berke Özçelik		MF	Gaziantep FK	18-268	2007	0					0		0	0		1							Matches
512	Ogün Özçiçek		MF	Gaziantep FK	27-108	1999	20	1,162	58	39.1	12.9	13	78	6	7	22	6	1.40	18	17	+1	+0.08	+0.82	Matches
513	Berat Özdemir	tr TUR	MF,DF	Başakşehir	27-354	1998	17	918	54	30.9	10.2	10	78	3	7	20	11	1.59	17	15	+2	+0.20	-0.68	Matches
514	Yusuf Özdemir	tr TUR	MF	Alanyaspor	25-122	2001	11	906	82	30.5	10.1	10	89	8	1	18	0	1.27	10	10	0	0.00	-0.04	Matches
515	Berke Özer	tr TUR	GK	Eyüpspor	25-352	2000	1	90	90	3.0	1.0	1	90	1	0		0	0.00	1	4	-3	-3.00	-2.63	Matches
516	Necip Özer		MF	Kayserispor	18-345	2007	0					0		0	0		1							Matches
517	Kerem Özmen		MF	Fatih Karagümrük	18-066	2008	0					0		0	0		1							Matches
518	Serhat Öztaşdelen		GK	Kocaelispor	21-154	2004	6	540	90	18.2	6.0	6	90	6	0		9	0.67	3	5	-2	-0.33	0.00	Matches
519	Onur Öztonga		DF	Kocaelispor	26-126	2000	0					0		0	0		3							Matches
520	Bahadır Öztürk	tr TUR	DF	Antalyaspor	30-223	1995	8	340	43	11.4	3.8	4	75	2	4	10	11	1.33	1	6	-5	-1.32	-0.71	Matches
521	Mehmet Öztürk		GK	Kayserispor	21-003	2005	0					0		0	0		2							Matches
522	Mehmet Öztürk		GK	Göztepe	21-003	2005	0					0		0	0		10							Matches
523	Arda Özyar		FW	Kocaelispor	19-026	2007	1	21	21	0.7	0.2	0		0	1	21	4	0.00	0	2	-2	-8.57	-8.30	Matches
524	Bedirhan Özyurt		DF	Alanyaspor	23-048	2003	0					0		0	0		7							Matches
525	Bedirhan Özyurt		DF	Eyüpspor	23-048	2003	11	817	74	27.5	9.1	10	81	8	1	11	0	1.00	9	8	+1	+0.11	+0.78	Matches
Rk	Player	Nation	Pos	Squad	Age	Born	MP	Min	Mn/MP	Min%	90s	Starts	Mn/Start	Compl	Subs	Mn/Sub	unSub	PPM	onG	onGA	+/-	+/-90	On-Off	Matches
526	Kenneth Paal	sr SUR	DF,MF	Antalyaspor	28-322	1997	33	2,790	85	93.9	31.0	31	89	27	2	18	0	0.88	32	54	-22	-0.71	-0.21	Matches
527	Ali Pağda		FW	Beşiktaş	17-311	2008	0					0		0	0		2							Matches
528	Mithat Pala	tr TUR	DF,MF	Rizespor	25-270	2000	29	1,859	64	62.6	20.7	20	85	16	9	17	4	1.21	28	31	-3	-0.15	+0.10	Matches
529	Giannis Papanikolaou	gr GRE	MF	Rizespor	27-175	1998	29	1,804	62	60.7	20.0	22	77	11	7	14	2	1.14	20	29	-9	-0.45	-0.68	Matches
530	Gabriel Paulista	br BRA	DF	Beşiktaş	35-167	1990	10	863	86	29.1	9.6	10	86	8	0		6	1.80	17	14	+3	+0.31	-0.37	Matches
531	Pedrinho	br BRA	MF	Konyaspor	29-144	1996	15	672	45	22.6	7.5	6	78	2	9	22	1	0.93	7	10	-3	-0.40	-0.28	Matches
532	Pedro Pereira	pt POR	DF	Gençlerbirliği	28-110	1998	29	2,529	87	85.2	28.1	28	90	28	1	9	1	0.93	27	39	-12	-0.43	-0.02	Matches
533	Luis Pérez	es ESP	MF,DF	Gaziantep FK	31-097	1995	24	1,654	69	55.7	18.4	20	79	12	4	18	6	1.25	28	27	+1	+0.05	+1.08	Matches
534	Bruno Petković	hr CRO	FW	Kocaelispor	31-238	1994	18	1,334	74	44.9	14.8	15	85	11	3	20	1	1.00	13	20	-7	-0.47	-0.25	Matches
535	Frantzdy Pierrot	ht HAI	FW	Rizespor	31-044	1995	10	123	12	4.1	1.4	0		0	10	12	3	1.30	2	3	-1	-0.73	-0.57	Matches
536	Wagner Pina	cv CPV	DF	Trabzonspor	23-190	2002	30	2,360	79	79.5	26.2	27	85	20	3	25	0	2.17	51	25	+26	+0.99	+1.14	Matches
537	Lenny Pintor	fr FRA	MF,FW	Eyüpspor	25-280	2000	15	739	49	24.9	8.2	9	69	2	6	20	0	1.27	6	10	-4	-0.49	-0.04	Matches
538	Onurcan Piri	tr TUR	GK	Kayserispor	31-226	1994	4	360	90	12.1	4.0	4	90	4	0		28	1.00	6	10	-4	-1.00	+0.10	Matches
539	Daniel Popa	ro ROU	FW	Gençlerbirliği	31-302	1994	1	67	67	2.3	0.7	1	67	0	0		0	0.00	0	2	-2	-2.69	-2.31	Matches
540	Albert Posiadala	pl POL	GK	Samsunspor	23-076	2003	0					0		0	0		15							Matches
541	Denis Radu	ro ROU	MF,FW	Eyüpspor	23-048	2003	14	573	41	19.3	6.4	6	77	2	8	14	1	1.14	11	9	+2	+0.31	+0.95	Matches
542	Jesurun Rak Sakyi	eng ENG	MF	Rizespor	23-219	2002	11	807	73	27.2	9.0	11	73	1	0		1	1.09	12	12	0	0.00	+0.25	Matches
543	Milot Rashica	xk KVX	MF	Beşiktaş	29-318	1996	25	986	39	33.2	11.0	8	79	2	17	21	4	1.88	21	11	+10	+0.91	+0.50	Matches
544	Rhaldney	br BRA	MF	Göztepe	27-173	1998	18	1,083	60	36.5	12.0	12	82	3	6	18	1	1.83	16	4	+12	+1.00	+0.95	Matches
545	Rigoberto Rivas	hn HON	MF,FW	Kocaelispor	27-285	1998	21	1,086	52	36.6	12.1	12	72	3	9	25	4	1.00	8	21	-13	-1.08	-1.17	Matches
546	Enzo Roco	cl CHI	DF	Fatih Karagümrük	33-269	1992	7	575	82	19.4	6.4	7	82	5	0		0	0.71	5	11	-6	-0.94	-0.26	Matches
547	Kévin Rodrigues	pt POR	DF,MF	Gaziantep FK	32-068	1994	27	2,194	81	73.9	24.4	25	84	19	2	42	0	1.15	33	41	-8	-0.33	+0.37	Matches
548	Dorin Rotariu	ro ROU	FW,MF	Eyüpspor	30-287	1995	3	68	23	2.3	0.8	0		0	3	23	1	1.33	2	2	0	0.00	+0.47	Matches
549	Ruan	br BRA	MF	Alanyaspor	21-009	2005	27	2,155	80	72.6	23.9	25	84	13	2	26	0	0.96	26	32	-6	-0.25	-1.02	Matches
550	Ruan	br BRA	MF	Göztepe	30-348	1995	2	114	57	3.8	1.3	1	88	0	1	26	15	1.00	1	0	+1	+0.79	+0.41	Matches
Rk	Player	Nation	Pos	Squad	Age	Born	MP	Min	Mn/MP	Min%	90s	Starts	Mn/Start	Compl	Subs	Mn/Sub	unSub	PPM	onG	onGA	+/-	+/-90	On-Off	Matches
551	Serdar Saatçı	tr TUR	DF	Trabzonspor	23-087	2003	3	186	62	6.3	2.1	2	68	1	1	51	13	1.33	6	6	0	0.00	-0.81	Matches
552	Ibrahim Sabra	jo JOR	FW	Göztepe	20-100	2006	9	91	10	3.1	1.0	0		0	9	10	4	2.56	2	1	+1	+0.99	+0.61	Matches
553	Christ Sadia	ci CIV	MF	Eyüpspor	19-031	2007	3	14	5	0.5	0.2	0		0	3	5	3	0.33	0	1	-1	-6.43	-6.00	Matches
554	Loret Sadiku	al ALB	DF,MF	Kasımpaşa	34-288	1991	0					0		0	0		1							Matches
555	Ramzi Safouri	il ISR	MF	Antalyaspor	30-203	1995	24	1,721	72	57.9	19.1	20	79	9	4	36	0	0.88	21	36	-15	-0.78	-0.21	Matches
556	Ahmet Sagat	de GER	FW	Kocaelispor	29-350	1996	2	2	1	0.1	0.0	0		0	2	1	12	0.00	0	0	0	0.00	+0.33	Matches
557	Görkem Sağlam	de GER	MF	Kayserispor	28-031	1998	10	202	20	6.8	2.2	1	54	0	9	16	5	0.80	2	3	-1	-0.45	+0.69	Matches
558	Modibo Sagnan	ml MLI	DF	Rizespor	27-028	1999	19	1,408	74	47.4	15.6	16	85	14	3	19	13	1.32	23	18	+5	+0.32	+0.95	Matches
559	Devrim Şahin		MF	Beşiktaş	19-041	2007	4	162	41	5.5	1.8	2	58	0	2	24	13	3.00	6	0	+6	+3.33	+2.92	Matches
560	Samuel Sáiz	es ESP	FW,MF	Eyüpspor	35-110	1991	1	1	1	0.0	0.0	0		0	1	1	2	3.00	0	1	-1	-90.00	-89.58	Matches
561	Roland Sallai	hu HUN	DF,MF	Galatasaray	28-355	1997	29	2,333	80	78.6	25.9	26	85	15	3	44	1	2.31	60	18	+42	+1.62	+0.77	Matches
562	Ahmet Sami Bircan		FW	Beşiktaş	19-108	2007	0					0		0	0		2							Matches
563	Davinson Sánchez	co COL	DF	Galatasaray	29-334	1996	30	2,419	81	81.4	26.9	29	83	21	1	22	1	2.43	62	24	+38	+1.41	-0.22	Matches
564	Leroy Sané	de GER	MF	Galatasaray	30-121	1996	27	2,191	81	73.8	24.3	26	84	17	1	5	1	2.30	50	21	+29	+1.19	-1.00	Matches
565	Nazim Sangaré	tr TUR	DF	Gaziantep FK	31-347	1994	14	1,056	75	35.6	11.7	12	86	11	2	10	9	1.07	12	14	-2	-0.17	+0.39	Matches
566	Juan Santos	br BRA	FW	Göztepe	24-067	2002	31	2,481	80	83.5	27.6	29	84	10	2	29	0	1.65	35	23	+12	+0.44	+0.25	Matches
567	Gabriel Sara	br BRA	MF	Galatasaray	26-320	1999	27	1,834	68	61.8	20.4	21	81	9	6	22	2	2.48	46	15	+31	+1.52	+0.17	Matches
568	Veysel Sarı	tr TUR	DF	Antalyaspor	37-291	1988	22	1,923	87	64.7	21.4	22	87	19	0		2	1.00	20	28	-8	-0.37	+0.91	Matches
569	Yusuf Sari	tr TUR	MF	Başakşehir	27-173	1998	21	1,457	69	49.1	16.2	18	75	3	3	38	1	1.57	23	14	+9	+0.56	-0.22	Matches
570	Yakuphan Sarialioğlu		DF	Trabzonspor	19-121	2007	0					0		0	0		1							Matches
571	Talha Sarıarslan	tr TUR	FW	Kayserispor	22-114	2004	14	164	12	5.5	1.8	1	45	0	13	9	13	0.93	6	5	+1	+0.55	+1.74	Matches
572	Dario Šarić	ba BIH	MF	Antalyaspor	28-347	1997	24	1,396	58	47.0	15.5	16	73	4	8	29	1	0.67	12	26	-14	-0.90	-0.39	Matches
573	Ľubomír Šatka	sk SVK	DF	Samsunspor	30-161	1995	26	2,115	81	71.2	23.5	25	83	21	1	34	1	1.58	30	30	0	0.00	+0.21	Matches
574	Stefan Savić	me MNE	DF	Trabzonspor	35-124	1991	22	1,756	80	59.1	19.5	20	85	18	2	24	0	2.05	33	15	+18	+0.92	+0.40	Matches
575	Gökhan Sazdağı	tr TUR	DF	Beşiktaş	31-234	1994	17	1,305	77	43.9	14.5	14	89	13	3	19	7	1.65	25	21	+4	+0.28	-0.53	Matches
Rk	Player	Nation	Pos	Squad	Age	Born	MP	Min	Mn/MP	Min%	90s	Starts	Mn/Start	Compl	Subs	Mn/Sub	unSub	PPM	onG	onGA	+/-	+/-90	On-Off	Matches
576	Gökhan Sazdağı	tr TUR	DF	Kayserispor	31-234	1994	3	270	90	9.1	3.0	3	90	3	0		0	0.67	2	6	-4	-1.33	-0.27	Matches
577	Davie Selke	de GER	FW	Başakşehir	31-112	1995	23	1,173	51	39.5	13.0	14	66	0	9	28	1	1.91	27	12	+15	+1.15	+0.80	Matches
578	Nélson Semedo	pt POR	DF	Fenerbahçe	32-177	1993	25	1,905	76	64.1	21.2	25	76	13	0		0	2.08	44	19	+25	+1.18	-0.09	Matches
579	Ahmet Şen	tr TUR	GK	Galatasaray	27-098	1999	1	25	25	0.8	0.3	0		0	1	25	10	0.00	0	2	-2	-7.20	-8.73	Matches
580	Hüseyin Şen	tr TUR	FW	Alanyaspor	17-119	2009	0					0		0	0		1							Matches
581	Muhammed Şengezer	tr TUR	GK	Başakşehir	29-127	1997	32	2,880	90	97.0	32.0	32	90	32	0		0	1.66	56	34	+22	+0.69	+0.69	Matches
582	Tarkan Serbest	tr TUR	MF	Kocaelispor	32-010	1994	6	239	40	8.0	2.7	2	86	1	4	17	10	1.33	4	5	-1	-0.38	-0.05	Matches
583	Svit Sešlar	si SVN	MF,FW	Eyüpspor	24-123	2002	10	555	56	18.7	6.2	6	79	3	4	20	5	0.90	3	6	-3	-0.49	-0.04	Matches
584	Eldor Shomurodov	uz UZB	MF,FW	Başakşehir	30-317	1995	33	2,826	86	95.2	31.4	33	86	21	0		0	1.64	55	32	+23	+0.73	+1.36	Matches
585	Show	ao ANG	MF	Kocaelispor	27-067	1999	29	2,226	77	74.9	24.7	24	87	16	5	28	0	1.07	15	25	-10	-0.40	-0.28	Matches
586	Danylo Sikan	ua UKR	MF	Trabzonspor	25-026	2001	13	247	19	8.3	2.7	1	63	0	12	15	3	2.15	7	7	0	0.00	-0.83	Matches
587	Jota Silva	pt POR	MF	Beşiktaş	26-284	1999	17	537	32	18.1	6.0	5	64	0	12	18	9	1.82	15	6	+9	+1.51	+1.14	Matches
588	Rafa Silva	pt POR	MF	Beşiktaş	32-360	1993	10	816	82	27.5	9.1	10	82	6	0		1	1.60	13	13	0	0.00	-0.79	Matches
589	Wilfried Singo	ci CIV	DF	Galatasaray	25-138	2000	18	861	48	29.0	9.6	10	73	6	8	17	4	2.11	19	13	+6	+0.63	-1.17	Matches
590	Doğukan Sınık	tr TUR	MF	Antalyaspor	27-111	1999	20	838	42	28.2	9.3	9	63	1	11	25	5	0.60	12	14	-2	-0.21	+0.67	Matches
591	Yusuf Sirin		MF	Göztepe	18-131	2008	0					0		0	0		2							Matches
592	Guilherme Sityá	pt POR	DF,MF	Konyaspor	36-041	1990	22	1,858	84	62.6	20.6	21	87	18	1	22	0	0.91	23	33	-10	-0.48	-0.81	Matches
593	Ahmet Sivri		MF,FW	Fatih Karagümrük	26-310	1999	9	299	33	10.1	3.3	3	70	0	6	15	3	0.11	3	6	-3	-0.90	-0.20	Matches
594	Milan Škriniar	sk SVK	DF	Fenerbahçe	31-090	1995	24	2,115	88	71.2	23.5	24	88	23	0		5	2.21	50	23	+27	+1.15	-0.22	Matches
595	Hrvoje Smolčić	hr CRO	DF	Kocaelispor	25-268	2000	25	2,136	85	71.9	23.7	25	85	22	0		1	1.36	21	24	-3	-0.13	+0.74	Matches
596	Deian Sorescu	ro ROU	MF,DF	Gaziantep FK	28-256	1997	24	1,463	61	49.3	16.3	15	79	7	9	31	8	1.13	17	33	-16	-0.98	-1.10	Matches
597	Afonso Sousa	pt POR	MF	Samsunspor	26-009	2000	7	173	25	5.8	1.9	1	71	0	6	17	0	1.43	6	5	+1	+0.52	+0.62	Matches
598	Ali Sowe	gm GAM	FW	Rizespor	31-332	1994	31	2,198	71	74.0	24.4	25	82	11	6	24	0	1.19	32	38	-6	-0.25	-0.25	Matches
599	Furkan Soyalp	tr TUR	MF	Kayserispor	30-334	1995	27	1,775	66	59.8	19.7	22	75	5	5	25	1	0.85	12	43	-31	-1.57	-1.20	Matches
600	Çağlar Söyüncü	tr TUR	DF	Fenerbahçe	29-354	1996	10	725	73	24.4	8.1	9	76	6	1	45	14	2.40	21	8	+13	+1.61	+0.53	Matches
Rk	Player	Nation	Pos	Squad	Age	Born	MP	Min	Mn/MP	Min%	90s	Starts	Mn/Start	Compl	Subs	Mn/Sub	unSub	PPM	onG	onGA	+/-	+/-90	On-Off	Matches
601	Andraž Šporar	si SVN	FW	Alanyaspor	32-074	1994	2	164	82	5.5	1.8	2	82	1	0		0	0.50	1	2	-1	-0.55	-0.61	Matches
602	Luca Stančič	de GER	GK	Başakşehir	19-112	2007	0					0		0	0		1							Matches
603	Marius Ştefănescu	ro ROU	MF	Konyaspor	27-271	1998	8	167	21	5.6	1.9	1	67	0	7	14	9	0.75	1	1	0	0.00	+0.19	Matches
604	Taras Stepanenko	ua UKR	MF	Eyüpspor	36-277	1989	8	528	66	17.8	5.9	6	81	2	2	21	4	1.00	4	7	-3	-0.51	-0.07	Matches
605	Nikola Storm	be BEL	MF,FW	Antalyaspor	31-224	1994	27	1,572	58	52.9	17.5	20	71	4	7	23	4	0.93	16	25	-9	-0.52	+0.39	Matches
606	Sander van de Streek	nl NED	FW,MF	Antalyaspor	33-049	1993	30	2,248	75	75.7	25.0	27	79	11	3	37	2	0.93	26	39	-13	-0.52	+0.73	Matches
607	Mahamadou Susoho	es ESP	MF	Kocaelispor	21-112	2005	8	423	53	14.2	4.7	4	74	1	4	32	1	0.88	4	7	-3	-0.64	-0.36	Matches
608	Sander Svendsen	no NOR	MF,FW	Konyaspor	28-279	1997	10	283	28	9.5	3.1	3	68	1	7	11	5	1.10	5	7	-2	-0.64	-0.50	Matches
609	Jonas Svensson	no NOR	DF	Beşiktaş	33-067	1993	5	344	69	11.6	3.8	4	86	2	1	1	1	1.80	6	5	+1	+0.26	-0.36	Matches
610	Oleksandr Syrota	ua UKR	DF	Kocaelispor	25-335	2000	6	362	60	12.2	4.0	4	90	4	2	1	11	1.67	6	9	-3	-0.75	-0.47	Matches
611	Attila Szalai	hu HUN	DF	Kasımpaşa	28-112	1998	15	1,163	78	39.2	12.9	14	83	11	1	6	2	0.87	10	22	-12	-0.93	-0.68	Matches
612	Sebastian Szymański	pl POL	MF	Fenerbahçe	27-002	1999	14	448	32	15.1	5.0	4	65	1	10	19	1	2.43	7	2	+5	+1.00	-0.24	Matches
613	Muhammet Taha Şahin		DF,MF	Rizespor	25-202	2000	27	1,791	66	60.3	19.9	19	88	16	8	15	3	1.11	20	35	-15	-0.75	-1.44	Matches
614	Tayyib Talha Sanuç	tr TUR	DF	Beşiktaş	26-146	1999	1	1	1	0.0	0.0	0		0	1	1	1	3.00	0	0	0	0.00	-0.58	Matches
615	Tayyib Talha Sanuç	tr TUR	DF	Gaziantep FK	26-146	1999	18	1,333	74	44.9	14.8	16	80	11	2	23	2	1.17	18	25	-7	-0.47	-0.09	Matches
616	Talisca	br BRA	MF,FW	Fenerbahçe	32-100	1994	30	1,944	65	65.5	21.6	24	74	5	6	29	0	2.30	55	15	+40	+1.85	+1.85	Matches
617	Emre Taşdemir	tr TUR	DF	Kasımpaşa	30-277	1995	5	53	11	1.8	0.6	1	19	0	4	9	15	1.00	0	1	-1	-1.70	-1.20	Matches
618	Ilter Tashkin	az AZE	MF	Eyüpspor	31-311	1994	21	998	48	33.6	11.1	12	76	1	9	10	10	1.14	14	15	-1	-0.09	+0.55	Matches
619	Ertuğrul Taşkıran	tr TUR	GK	Alanyaspor	36-188	1989	20	1,800	90	60.6	20.0	20	90	20	0		12	1.10	22	24	-2	-0.10	-0.33	Matches
620	Elayis Tavsan	nl NED	MF,FW	Samsunspor	25-012	2001	14	726	52	24.4	8.1	7	77	1	7	26	2	1.21	5	13	-8	-0.99	-1.23	Matches
621	Yusuf Temel		FW	Gençlerbirliği	18-100	2008	0					0		0	0		2							Matches
622	Serkan Terzi	tr TUR	DF	Beşiktaş	22-127	2004	1	21	21	0.7	0.2	0		0	1	21	0	3.00	1	0	+1	+4.29	+3.74	Matches
623	Ahmet Tırpancı		DF	Konyaspor	19-054	2007	0					0		0	0		1							Matches
624	Dorukhan Toköz	tr TUR	MF,DF	Kayserispor	29-356	1996	25	1,273	51	42.9	14.1	16	67	2	9	23	4	0.88	11	27	-16	-1.13	-0.07	Matches
625	Logi Tómasson	is ISL	DF	Samsunspor	25-241	2000	29	2,256	78	76.0	25.1	26	84	19	3	20	2	1.48	34	32	+2	+0.08	+0.58	Matches
Rk	Player	Nation	Pos	Squad	Age	Born	MP	Min	Mn/MP	Min%	90s	Starts	Mn/Start	Compl	Subs	Mn/Sub	unSub	PPM	onG	onGA	+/-	+/-90	On-Off	Matches
626	Franco Tongya	it ITA	MF	Gençlerbirliği	24-060	2002	27	2,177	81	73.3	24.2	26	83	9	1	32	0	1.07	27	35	-8	-0.33	+0.35	Matches
627	Emir Topçu	tr TUR	DF	Beşiktaş	25-213	2000	20	1,650	83	55.6	18.3	19	87	16	1	6	6	1.90	37	22	+15	+0.82	+0.55	Matches
628	Osman Topçu		GK	Rizespor	19-187	2006	0					0		0	0		3							Matches
629	Berkay Topdemir		FW	Antalyaspor	19-131	2007	0					0		0	0		5							Matches
630	Lucas Torreira	uy URU	MF	Galatasaray	30-090	1996	30	2,213	74	74.5	24.6	28	77	9	2	29	1	2.33	56	18	+38	+1.55	+0.36	Matches
631	Ángel Torres	co COL	MF,FW	Eyüpspor	26-036	2000	11	545	50	18.4	6.1	6	72	1	5	23	0	0.55	1	10	-9	-1.49	-1.26	Matches
632	Efe Töruz		GK	Samsunspor	19-246	2006	0					0		0	0		24							Matches
633	Cenk Tosun	tr TUR	FW,MF	Fenerbahçe	34-339	1991	5	65	13	2.2	0.7	0		0	5	13	2	1.80	3	1	+2	+2.77	+1.59	Matches
634	Cenk Tosun	tr TUR	FW	Kasımpaşa	34-339	1991	11	368	33	12.4	4.1	4	77	1	7	8	5	1.18	4	6	-2	-0.49	+0.03	Matches
635	Adama Traoré	ml MLI	MF,FW	Gençlerbirliği	30-341	1995	15	990	66	33.3	11.0	10	83	4	5	33	0	0.60	9	9	0	0.00	+0.64	Matches
636	Ahmed Traore	ci CIV	MF	Fatih Karagümrük	19-029	2007	13	327	25	11.0	3.6	3	54	0	10	16	3	1.08	6	5	+1	+0.28	+1.13	Matches
637	Indrit Tuci	al ALB	FW,MF	Kayserispor	25-240	2000	19	734	39	24.7	8.2	5	80	1	14	24	12	0.53	7	15	-8	-0.98	+0.15	Matches
638	Ozan Tufan	tr TUR	MF,DF	Trabzonspor	31-050	1995	24	1,342	56	45.2	14.9	14	86	9	10	14	9	2.13	28	19	+9	+0.60	-0.28	Matches
639	Muhammet Tunahan Taşçı	tr TUR	MF	Konyaspor	24-013	2002	13	223	17	7.5	2.5	0		0	13	17	10	1.46	8	3	+5	+2.02	+2.38	Matches
640	Hüseyin Türkmen	tr TUR	DF	Antalyaspor	28-131	1998	19	1,340	71	45.1	14.9	15	84	11	4	20	6	0.79	13	21	-8	-0.54	+0.29	Matches
641	Deniz Turuc	tr TUR	MF	Konyaspor	33-103	1993	13	1,036	80	34.9	11.5	13	80	2	0		0	1.46	11	14	-3	-0.26	-0.12	Matches
642	Deniz Turuc	tr TUR	MF	Başakşehir	33-103	1993	12	475	40	16.0	5.3	5	63	2	7	23	1	0.83	4	5	-1	-0.19	-1.02	Matches
643	Salih Uçan	tr TUR	MF	Beşiktaş	32-126	1994	18	516	29	17.4	5.7	5	64	0	13	15	10	2.33	10	7	+3	+0.52	-0.06	Matches
644	Nikoloz Ugrekhelidze	ge GEO	DF	Fatih Karagümrük	22-270	2003	4	180	45	6.1	2.0	2	89	1	2	2	10	0.75	2	7	-5	-2.50	-1.89	Matches
645	Hwang Ui-jo	kr KOR	MF,FW	Alanyaspor	33-257	1992	32	2,381	74	80.2	26.5	29	79	4	3	28	0	1.13	30	31	-1	-0.04	-0.34	Matches
646	Oğulcan Ülgün	tr TUR	MF	Gençlerbirliği	28-001	1998	24	1,524	64	51.3	16.9	20	71	7	4	25	2	1.17	25	26	-1	-0.06	+0.75	Matches
647	Talha Ulvan	be BEL	DF	Eyüpspor	25-022	2001	19	1,107	58	37.3	12.3	12	83	7	7	17	14	1.21	11	22	-11	-0.89	-0.70	Matches
648	Cengiz Ünder	tr TUR	MF	Beşiktaş	28-302	1997	25	1,119	45	37.7	12.4	13	68	0	12	20	2	1.80	25	16	+9	+0.72	+0.24	Matches
649	Cengiz Ünder	tr TUR	FW,MF	Fenerbahçe	28-302	1997	1	9	9	0.3	0.1	0		0	1	9	1	3.00	0	0	0	0.00	-1.22	Matches
650	Arda Ünyay	tr TUR	DF	Galatasaray	19-114	2007	7	133	19	4.5	1.5	0		0	7	19	10	2.71	2	4	-2	-1.35	-2.94	Matches
Rk	Player	Nation	Pos	Squad	Age	Born	MP	Min	Mn/MP	Min%	90s	Starts	Mn/Start	Compl	Subs	Mn/Sub	unSub	PPM	onG	onGA	+/-	+/-90	On-Off	Matches
651	Kamil Uregen		DF	Fenerbahçe	18-033	2008	0					0		0	0		14							Matches
652	Arda Usluoğlu	tr TUR	FW	Alanyaspor	19-212	2006	0					0		0	0		1							Matches
653	Efe Üstün		GK	Samsunspor	18-005	2008	0					0		0	0		12							Matches
654	Cem Üstündag	at AUT	MF	Kasımpaşa	25-112	2001	18	940	52	31.6	10.4	9	81	3	9	23	2	0.89	4	14	-10	-0.96	-0.65	Matches
655	Necip Uysal	tr TUR	MF	Beşiktaş	35-108	1991	2	81	41	2.7	0.9	1	70	0	1	11	7	1.50	0	2	-2	-2.22	-2.88	Matches
656	Nevzat Üzel		GK	Göztepe	19-066	2007	0					0		0	0		1							Matches
657	Fıratcan Üzüm		DF,MF	Gençlerbirliği	26-342	1999	7	343	49	11.5	3.8	4	79	3	3	9	20	1.29	3	4	-1	-0.26	+0.18	Matches
658	Emrecan Uzunhan		MF	Beşiktaş	25-075	2001	0					0		0	0		1							Matches
659	Dal Varesanovic	ba BIH	MF	Rizespor	24-354	2001	2	54	27	1.8	0.6	0		0	2	27	0	0.00	1	4	-3	-5.00	-4.91	Matches
660	Dal Varesanovic	ba BIH	MF	Gençlerbirliği	24-354	2001	12	288	24	9.7	3.2	3	57	0	9	13	8	1.08	2	1	+1	+0.31	+0.82	Matches
661	Devis Vásquez	co COL	GK	Beşiktaş	28-000	1998	1	90	90	3.0	1.0	1	90	1	0		11	1.00	0	0	0	0.00	-0.59	Matches
662	Ricardo Velho	pt POR	GK	Gençlerbirliği	27-265	1998	22	1,980	90	66.7	22.0	22	90	22	0		7	1.05	23	31	-8	-0.36	+0.18	Matches
663	Daniele Verde	it ITA	MF	Fatih Karagümrük	29-326	1996	8	489	61	16.5	5.4	6	72	1	2	28	1	1.00	6	9	-3	-0.55	+0.21	Matches
664	Bruno Viana	br BRA	DF	Alanyaspor	31-096	1995	5	308	62	10.4	3.4	3	87	2	2	24	22	0.80	4	4	0	0.00	-0.03	Matches
665	Paulo Victor Vidotti	br BRA	GK	Alanyaspor	39-120	1987	13	1,170	90	39.4	13.0	13	90	13	0		20	1.15	20	17	+3	+0.23	+0.33	Matches
666	Edin Višća	ba BIH	MF	Trabzonspor	36-084	1990	9	189	21	6.4	2.1	2	37	0	7	16	4	2.22	2	2	0	0.00	-0.81	Matches
667	Güray Vural	tr TUR	MF,FW	Antalyaspor	37-335	1988	4	275	69	9.3	3.1	3	77	1	1	45	0	1.50	3	2	+1	+0.33	+1.13	Matches
668	Mateusz Wieteska	pl POL	DF	Kocaelispor	29-090	1997	1	21	21	0.7	0.2	1	21	0	0		0	0.00	0	0	0	0.00	+0.34	Matches
669	Cláudio Winck	br BRA	DF	Kasımpaşa	32-027	1994	27	2,300	85	77.4	25.6	26	88	22	1	17	0	1.11	26	38	-12	-0.47	+0.20	Matches
670	Eren Yağmur		FW	Konyaspor	19-064	2007	1	11	11	0.4	0.1	0		0	1	11	2	0.00	1	0	+1	+8.18	+8.39	Matches
671	Güven Yalçın	tr TUR	FW,MF	Alanyaspor	27-114	1999	27	990	37	33.3	11.0	12	65	0	15	14	2	1.15	18	14	+4	+0.36	+0.50	Matches
672	Robin Yalçın	de GER	DF	Eyüpspor	32-107	1994	19	1,625	86	54.7	18.1	18	90	18	1	5	0	0.89	13	25	-12	-0.66	-0.46	Matches
673	Samet Yalçın		MF	Kocaelispor	32-070	1994	12	267	22	9.0	3.0	3	64	0	9	8	18	1.42	1	3	-2	-0.67	-0.37	Matches
674	Polat Yaldır	tr TUR	FW	Samsunspor	22-360	2003	6	94	16	3.2	1.0	0		0	6	16	11	0.50	0	3	-3	-2.87	-2.90	Matches
675	Kerem Yandal		GK	Fatih Karagümrük	20-003	2006	0					0		0	0		11							Matches
Rk	Player	Nation	Pos	Squad	Age	Born	MP	Min	Mn/MP	Min%	90s	Starts	Mn/Start	Compl	Subs	Mn/Sub	unSub	PPM	onG	onGA	+/-	+/-90	On-Off	Matches
676	Mert Yandaş	tr TUR	MF	Fenerbahçe	31-266	1994	0					0		0	0		3							Matches
677	Ata Yanik	tr TUR	DF	Konyaspor	16-362	2009	0					0		0	0		1							Matches
678	Deniz Yaşar		FW	Rizespor	19-215	2006	0					0		0	0		1							Matches
679	Emir Yaşar	tr TUR	GK	Beşiktaş	20-116	2006	0					0		0	0		2							Matches
680	Karahan Yasir Subaşı	tr TUR	DF,MF	Konyaspor	30-131	1996	11	420	38	14.1	4.7	4	82	1	7	13	21	0.91	3	5	-2	-0.43	-0.29	Matches
681	Zeki Yavru	tr TUR	DF	Samsunspor	34-249	1991	27	1,939	72	65.3	21.5	24	80	13	3	6	3	1.54	27	24	+3	+0.14	+0.58	Matches
682	Arda Yavuz		DF	Eyüpspor	19-357	2006	2	68	34	2.3	0.8	1	64	0	1	4	10	0.50	1	0	+1	+1.32	+1.82	Matches
683	Batuhan Yavuz	tr TUR	DF	Alanyaspor	21-008	2005	1	1	1	0.0	0.0	0		0	1	1	13	3.00	0	0	0	0.00	-0.03	Matches
684	Ali Yavuz Kol	tr TUR	MF	Kasımpaşa	25-103	2001	24	719	30	24.2	8.0	5	75	1	19	18	8	0.71	5	10	-5	-0.63	-0.15	Matches
685	Uğurcan Yazgılı	tr TUR	DF	Konyaspor	27-033	1999	26	2,001	77	67.4	22.2	24	82	18	2	13	2	1.19	26	28	-2	-0.09	+0.28	Matches
686	Halil Yeral	tr TUR	GK	Eyüpspor	26-131	2000	0					0		0	0		2							Matches
687	Kerim Yerli̇kaya		GK	Eyüpspor	17-332	2008	0					0		0	0		2							Matches
688	Erdoğan Yeşilyurt		DF,MF	Antalyaspor	32-187	1993	8	391	49	13.2	4.3	5	72	2	3	11	4	1.00	3	8	-5	-1.15	-0.52	Matches
689	Esat Yiğit Alkurt		MF	Trabzonspor	19-079	2007	0					0		0	0		2							Matches
690	Emirhan Yigit		MF	Kasımpaşa	20-012	2006	0					0		0	0		6							Matches
691	Abdullah Yiğiter		GK	Antalyaspor	26-099	2000	13	1,170	90	39.4	13.0	13	90	13	0		18	1.07	13	21	-8	-0.62	+0.13	Matches
692	Bertuğ Yıldırım	tr TUR	FW	Başakşehir	23-304	2002	19	561	30	18.9	6.2	5	55	0	14	21	4	1.53	15	7	+8	+1.28	+0.76	Matches
693	Ege Yıldırım		DF	Göztepe	19-024	2007	1	9	9	0.3	0.1	0		0	1	9	2	3.00	0	0	0	0.00	-0.40	Matches
694	Engin Yıldırım	tr TUR	FW	Antalyaspor	21-117	2005	10	158	16	5.3	1.8	0		0	10	16	6	0.80	2	3	-1	-0.57	+0.13	Matches
695	Berk Yıldızlı		FW	Kasımpaşa	20-327	2005	1	3	3	0.1	0.0	0		0	1	3	0	0.00	0	0	0	0.00	+0.52	Matches
696	Arda Yılmaz	tr TUR	GK	Galatasaray	18-088	2008	0					0		0	0		1							Matches
697	Jankat Yilmaz	tr TUR	GK	Eyüpspor	21-269	2004	13	1,170	90	39.4	13.0	13	90	13	0		15	1.46	19	15	+4	+0.31	+1.26	Matches
698	Jankat Yilmaz	tr TUR	GK	Galatasaray	21-269	2004	0					0		0	0		4							Matches
699	Kartal Yılmaz	tr TUR	MF	Beşiktaş	25-189	2000	13	518	40	17.4	5.8	5	80	1	8	15	15	2.08	10	7	+3	+0.52	-0.07	Matches
700	Mert Yilmaz	tr TUR	DF,MF	Antalyaspor	27-065	1999	3	21	7	0.7	0.2	0		0	3	7	1	1.00	0	1	-1	-4.29	-3.61	Matches
Rk	Player	Nation	Pos	Squad	Age	Born	MP	Min	Mn/MP	Min%	90s	Starts	Mn/Start	Compl	Subs	Mn/Sub	unSub	PPM	onG	onGA	+/-	+/-90	On-Off	Matches
701	Oğuzhan Yılmaz		MF	Kasımpaşa	22-329	2003	0					0		0	0		6							Matches
702	Rıdvan Yılmaz	tr TUR	DF	Beşiktaş	24-356	2001	24	2,074	86	69.8	23.0	23	89	21	1	20	4	1.63	38	26	+12	+0.52	-0.18	Matches
703	Okay Yokuşlu	tr TUR	MF,DF	Trabzonspor	32-064	1994	22	889	40	29.9	9.9	10	78	7	12	9	4	2.27	20	9	+11	+1.11	+0.51	Matches
704	İsmail Yüksek	tr TUR	MF	Fenerbahçe	27-106	1999	29	1,675	58	56.4	18.6	18	77	8	11	26	2	2.17	43	25	+18	+0.97	-0.56	Matches
705	Celil Yüksel	tr TUR	MF	Samsunspor	28-131	1998	20	1,155	58	38.9	12.8	14	74	5	6	21	1	1.60	15	13	+2	+0.16	+0.35	Matches
706	Esat Yusuf Narin		MF	Kocaelispor	19-051	2007	1	3	3	0.1	0.0	0		0	1	3	2	0.00	0	0	0	0.00	+0.33	Matches
707	Nicolò Zaniolo	it ITA	FW,MF	Galatasaray	26-314	1999	4	54	14	1.8	0.6	0		0	4	14	0	3.00	4	0	+4	+6.67	+5.31	Matches
708	Altin Zeqiri	xk KVX	MF,FW	Rizespor	25-298	2000	23	704	31	23.7	7.8	5	72	2	18	19	4	1.09	10	13	-3	-0.38	-0.26	Matches
709	Oleksandr Zubkov	ua UKR	MF	Trabzonspor	29-282	1996	30	2,170	72	73.1	24.1	25	80	6	5	33	0	2.10	48	23	+25	+1.04	+1.04	Matches
710	Žan Žužek	si SVN	DF,MF	Gençlerbirliği	29-106	1997	32	2,650	83	89.2	29.4	30	87	24	2	20	0	0.88	28	47	-19	-0.65	-2.05	Matches
711	Mateusz Łęgowski	pl POL	MF,FW	Eyüpspor	23-103	2003	25	1,474	59	49.6	16.4	17	77	6	8	21	3	1.08	20	16	+4	+0.24	+1.39	Matches
